2025/09/24 14:13:45 未找到.env文件，使用系统环境变量
2025/09/24 14:13:45 数据库连接成功

2025/09/24 14:13:45 [32m/Users/ny/Documents/robusta-web/backend/internal/db/database.go:173
[0m[33m[3.241ms] [34;1m[rows:0][0m CREATE EXTENSION IF NOT EXISTS "uuid-ossp"

2025/09/24 14:13:45 [32m/Users/ny/Documents/robusta-web/backend/internal/db/database.go:178
[0m[33m[0.345ms] [34;1m[rows:0][0m CREATE EXTENSION IF NOT EXISTS "pgcrypto"
2025/09/24 14:13:45 PostgreSQL扩展启用完成

2025/09/24 14:13:45 [32m/Users/ny/Documents/robusta-web/backend/internal/db/database.go:53
[0m[33m[9.670ms] [34;1m[rows:1][0m SELECT count(*) FROM information_schema.tables WHERE table_schema = CURRENT_SCHEMA() AND table_name = 'alerts' AND table_type = 'BASE TABLE'

2025/09/24 14:13:45 [32m/Users/ny/Documents/robusta-web/backend/internal/db/database.go:53
[0m[33m[0.487ms] [34;1m[rows:1][0m SELECT CURRENT_DATABASE()

2025/09/24 14:13:45 [32m/Users/ny/Documents/robusta-web/backend/internal/db/database.go:53
[0m[33m[12.232ms] [34;1m[rows:-][0m SELECT c.column_name, c.is_nullable = 'YES', c.udt_name, c.character_maximum_length, c.numeric_precision, c.numeric_precision_radix, c.numeric_scale, c.datetime_precision, 8 * typlen, c.column_default, pd.description, c.identity_increment FROM information_schema.columns AS c JOIN pg_type AS pgt ON c.udt_name = pgt.typname LEFT JOIN pg_catalog.pg_description as pd ON pd.objsubid = c.ordinal_position AND pd.objoid = (SELECT oid FROM pg_catalog.pg_class WHERE relname = c.table_name AND relnamespace = (SELECT oid FROM pg_catalog.pg_namespace WHERE nspname = c.table_schema)) where table_catalog = 'robusta_hub' AND table_schema = CURRENT_SCHEMA() AND table_name = 'alerts'

2025/09/24 14:13:45 [32m/Users/ny/Documents/robusta-web/backend/internal/db/database.go:53
[0m[33m[1.279ms] [34;1m[rows:-][0m SELECT * FROM "alerts" LIMIT 5

2025/09/24 14:13:45 [32m/Users/ny/Documents/robusta-web/backend/internal/db/database.go:53
[0m[33m[5.693ms] [34;1m[rows:-][0m SELECT constraint_name FROM information_schema.table_constraints tc JOIN information_schema.constraint_column_usage AS ccu USING (constraint_schema, constraint_catalog, table_name, constraint_name) JOIN information_schema.columns AS c ON c.table_schema = tc.constraint_schema AND tc.table_name = c.table_name AND ccu.column_name = c.column_name WHERE constraint_type IN ('PRIMARY KEY', 'UNIQUE') AND c.table_catalog = 'robusta_hub' AND c.table_schema = CURRENT_SCHEMA() AND c.table_name = 'alerts' AND constraint_type = 'UNIQUE'

2025/09/24 14:13:45 [32m/Users/ny/Documents/robusta-web/backend/internal/db/database.go:53
[0m[33m[5.789ms] [34;1m[rows:-][0m SELECT c.column_name, constraint_name, constraint_type FROM information_schema.table_constraints tc JOIN information_schema.constraint_column_usage AS ccu USING (constraint_schema, constraint_catalog, table_name, constraint_name) JOIN information_schema.columns AS c ON c.table_schema = tc.constraint_schema AND tc.table_name = c.table_name AND ccu.column_name = c.column_name WHERE constraint_type IN ('PRIMARY KEY', 'UNIQUE') AND c.table_catalog = 'robusta_hub' AND c.table_schema = CURRENT_SCHEMA() AND c.table_name = 'alerts'

2025/09/24 14:13:45 [32m/Users/ny/Documents/robusta-web/backend/internal/db/database.go:53
[0m[33m[0.598ms] [34;1m[rows:-][0m SELECT a.attname as column_name, format_type(a.atttypid, a.atttypmod) AS data_type
		FROM pg_attribute a JOIN pg_class b ON a.attrelid = b.oid AND relnamespace = (SELECT oid FROM pg_catalog.pg_namespace WHERE nspname = CURRENT_SCHEMA())
		WHERE a.attnum > 0 -- hide internal columns
		AND NOT a.attisdropped -- hide deleted columns
		AND b.relname = 'alerts'

2025/09/24 14:13:45 [32m/Users/ny/Documents/robusta-web/backend/internal/db/database.go:53
[0m[33m[1.411ms] [34;1m[rows:0][0m SELECT description FROM pg_catalog.pg_description WHERE objsubid = (SELECT ordinal_position FROM information_schema.columns WHERE table_schema = CURRENT_SCHEMA() AND table_name = 'alerts' AND column_name = 'id') AND objoid = (SELECT oid FROM pg_catalog.pg_class WHERE relname = 'alerts' AND relnamespace = (SELECT oid FROM pg_catalog.pg_namespace WHERE nspname = CURRENT_SCHEMA()))

2025/09/24 14:13:45 [32m
[0m[33m[0.143ms] [34;1m[rows:1][0m SELECT CURRENT_DATABASE()

2025/09/24 14:13:45 [32m
[0m[33m[2.414ms] [34;1m[rows:-][0m SELECT c.column_name, c.is_nullable = 'YES', c.udt_name, c.character_maximum_length, c.numeric_precision, c.numeric_precision_radix, c.numeric_scale, c.datetime_precision, 8 * typlen, c.column_default, pd.description, c.identity_increment FROM information_schema.columns AS c JOIN pg_type AS pgt ON c.udt_name = pgt.typname LEFT JOIN pg_catalog.pg_description as pd ON pd.objsubid = c.ordinal_position AND pd.objoid = (SELECT oid FROM pg_catalog.pg_class WHERE relname = c.table_name AND relnamespace = (SELECT oid FROM pg_catalog.pg_namespace WHERE nspname = c.table_schema)) where table_catalog = 'robusta_hub' AND table_schema = CURRENT_SCHEMA() AND table_name = 'alerts'

2025/09/24 14:13:45 [32m
[0m[33m[0.197ms] [34;1m[rows:-][0m SELECT * FROM "alerts" LIMIT 5

2025/09/24 14:13:45 [32m
[0m[33m[4.721ms] [34;1m[rows:-][0m SELECT constraint_name FROM information_schema.table_constraints tc JOIN information_schema.constraint_column_usage AS ccu USING (constraint_schema, constraint_catalog, table_name, constraint_name) JOIN information_schema.columns AS c ON c.table_schema = tc.constraint_schema AND tc.table_name = c.table_name AND ccu.column_name = c.column_name WHERE constraint_type IN ('PRIMARY KEY', 'UNIQUE') AND c.table_catalog = 'robusta_hub' AND c.table_schema = CURRENT_SCHEMA() AND c.table_name = 'alerts' AND constraint_type = 'UNIQUE'

2025/09/24 14:13:45 [32m
[0m[33m[3.859ms] [34;1m[rows:-][0m SELECT c.column_name, constraint_name, constraint_type FROM information_schema.table_constraints tc JOIN information_schema.constraint_column_usage AS ccu USING (constraint_schema, constraint_catalog, table_name, constraint_name) JOIN information_schema.columns AS c ON c.table_schema = tc.constraint_schema AND tc.table_name = c.table_name AND ccu.column_name = c.column_name WHERE constraint_type IN ('PRIMARY KEY', 'UNIQUE') AND c.table_catalog = 'robusta_hub' AND c.table_schema = CURRENT_SCHEMA() AND c.table_name = 'alerts'

2025/09/24 14:13:45 [32m
[0m[33m[0.259ms] [34;1m[rows:-][0m SELECT a.attname as column_name, format_type(a.atttypid, a.atttypmod) AS data_type
		FROM pg_attribute a JOIN pg_class b ON a.attrelid = b.oid AND relnamespace = (SELECT oid FROM pg_catalog.pg_namespace WHERE nspname = CURRENT_SCHEMA())
		WHERE a.attnum > 0 -- hide internal columns
		AND NOT a.attisdropped -- hide deleted columns
		AND b.relname = 'alerts'

2025/09/24 14:13:45 [32m/Users/ny/Documents/robusta-web/backend/internal/db/database.go:53
[0m[33m[0.888ms] [34;1m[rows:0][0m SELECT description FROM pg_catalog.pg_description WHERE objsubid = (SELECT ordinal_position FROM information_schema.columns WHERE table_schema = CURRENT_SCHEMA() AND table_name = 'alerts' AND column_name = 'created_at') AND objoid = (SELECT oid FROM pg_catalog.pg_class WHERE relname = 'alerts' AND relnamespace = (SELECT oid FROM pg_catalog.pg_namespace WHERE nspname = CURRENT_SCHEMA()))

2025/09/24 14:13:45 [32m
[0m[33m[0.138ms] [34;1m[rows:1][0m SELECT CURRENT_DATABASE()

2025/09/24 14:13:45 [32m
[0m[33m[2.760ms] [34;1m[rows:-][0m SELECT c.column_name, c.is_nullable = 'YES', c.udt_name, c.character_maximum_length, c.numeric_precision, c.numeric_precision_radix, c.numeric_scale, c.datetime_precision, 8 * typlen, c.column_default, pd.description, c.identity_increment FROM information_schema.columns AS c JOIN pg_type AS pgt ON c.udt_name = pgt.typname LEFT JOIN pg_catalog.pg_description as pd ON pd.objsubid = c.ordinal_position AND pd.objoid = (SELECT oid FROM pg_catalog.pg_class WHERE relname = c.table_name AND relnamespace = (SELECT oid FROM pg_catalog.pg_namespace WHERE nspname = c.table_schema)) where table_catalog = 'robusta_hub' AND table_schema = CURRENT_SCHEMA() AND table_name = 'alerts'

2025/09/24 14:13:45 [32m
[0m[33m[0.565ms] [34;1m[rows:-][0m SELECT * FROM "alerts" LIMIT 5

2025/09/24 14:13:45 [32m
[0m[33m[6.775ms] [34;1m[rows:-][0m SELECT constraint_name FROM information_schema.table_constraints tc JOIN information_schema.constraint_column_usage AS ccu USING (constraint_schema, constraint_catalog, table_name, constraint_name) JOIN information_schema.columns AS c ON c.table_schema = tc.constraint_schema AND tc.table_name = c.table_name AND ccu.column_name = c.column_name WHERE constraint_type IN ('PRIMARY KEY', 'UNIQUE') AND c.table_catalog = 'robusta_hub' AND c.table_schema = CURRENT_SCHEMA() AND c.table_name = 'alerts' AND constraint_type = 'UNIQUE'

2025/09/24 14:13:45 [32m
[0m[33m[3.878ms] [34;1m[rows:-][0m SELECT c.column_name, constraint_name, constraint_type FROM information_schema.table_constraints tc JOIN information_schema.constraint_column_usage AS ccu USING (constraint_schema, constraint_catalog, table_name, constraint_name) JOIN information_schema.columns AS c ON c.table_schema = tc.constraint_schema AND tc.table_name = c.table_name AND ccu.column_name = c.column_name WHERE constraint_type IN ('PRIMARY KEY', 'UNIQUE') AND c.table_catalog = 'robusta_hub' AND c.table_schema = CURRENT_SCHEMA() AND c.table_name = 'alerts'

2025/09/24 14:13:45 [32m
[0m[33m[0.338ms] [34;1m[rows:-][0m SELECT a.attname as column_name, format_type(a.atttypid, a.atttypmod) AS data_type
		FROM pg_attribute a JOIN pg_class b ON a.attrelid = b.oid AND relnamespace = (SELECT oid FROM pg_catalog.pg_namespace WHERE nspname = CURRENT_SCHEMA())
		WHERE a.attnum > 0 -- hide internal columns
		AND NOT a.attisdropped -- hide deleted columns
		AND b.relname = 'alerts'

2025/09/24 14:13:45 [32m/Users/ny/Documents/robusta-web/backend/internal/db/database.go:53
[0m[33m[1.237ms] [34;1m[rows:0][0m SELECT description FROM pg_catalog.pg_description WHERE objsubid = (SELECT ordinal_position FROM information_schema.columns WHERE table_schema = CURRENT_SCHEMA() AND table_name = 'alerts' AND column_name = 'updated_at') AND objoid = (SELECT oid FROM pg_catalog.pg_class WHERE relname = 'alerts' AND relnamespace = (SELECT oid FROM pg_catalog.pg_namespace WHERE nspname = CURRENT_SCHEMA()))

2025/09/24 14:13:45 [32m/Users/ny/Documents/robusta-web/backend/internal/db/database.go:53
[0m[33m[1.285ms] [34;1m[rows:0][0m SELECT description FROM pg_catalog.pg_description WHERE objsubid = (SELECT ordinal_position FROM information_schema.columns WHERE table_schema = CURRENT_SCHEMA() AND table_name = 'alerts' AND column_name = 'deleted_at') AND objoid = (SELECT oid FROM pg_catalog.pg_class WHERE relname = 'alerts' AND relnamespace = (SELECT oid FROM pg_catalog.pg_namespace WHERE nspname = CURRENT_SCHEMA()))

2025/09/24 14:13:45 [32m/Users/ny/Documents/robusta-web/backend/internal/db/database.go:53
[0m[33m[1.293ms] [34;1m[rows:0][0m SELECT description FROM pg_catalog.pg_description WHERE objsubid = (SELECT ordinal_position FROM information_schema.columns WHERE table_schema = CURRENT_SCHEMA() AND table_name = 'alerts' AND column_name = 'fingerprint') AND objoid = (SELECT oid FROM pg_catalog.pg_class WHERE relname = 'alerts' AND relnamespace = (SELECT oid FROM pg_catalog.pg_namespace WHERE nspname = CURRENT_SCHEMA()))

2025/09/24 14:13:45 [32m/Users/ny/Documents/robusta-web/backend/internal/db/database.go:53
[0m[33m[1.201ms] [34;1m[rows:0][0m SELECT description FROM pg_catalog.pg_description WHERE objsubid = (SELECT ordinal_position FROM information_schema.columns WHERE table_schema = CURRENT_SCHEMA() AND table_name = 'alerts' AND column_name = 'cluster_id') AND objoid = (SELECT oid FROM pg_catalog.pg_class WHERE relname = 'alerts' AND relnamespace = (SELECT oid FROM pg_catalog.pg_namespace WHERE nspname = CURRENT_SCHEMA()))

2025/09/24 14:13:45 [32m/Users/ny/Documents/robusta-web/backend/internal/db/database.go:53
[0m[33m[0.320ms] [34;1m[rows:0][0m SELECT description FROM pg_catalog.pg_description WHERE objsubid = (SELECT ordinal_position FROM information_schema.columns WHERE table_schema = CURRENT_SCHEMA() AND table_name = 'alerts' AND column_name = 'title') AND objoid = (SELECT oid FROM pg_catalog.pg_class WHERE relname = 'alerts' AND relnamespace = (SELECT oid FROM pg_catalog.pg_namespace WHERE nspname = CURRENT_SCHEMA()))

2025/09/24 14:13:45 [32m/Users/ny/Documents/robusta-web/backend/internal/db/database.go:53
[0m[33m[0.221ms] [34;1m[rows:0][0m SELECT description FROM pg_catalog.pg_description WHERE objsubid = (SELECT ordinal_position FROM information_schema.columns WHERE table_schema = CURRENT_SCHEMA() AND table_name = 'alerts' AND column_name = 'description') AND objoid = (SELECT oid FROM pg_catalog.pg_class WHERE relname = 'alerts' AND relnamespace = (SELECT oid FROM pg_catalog.pg_namespace WHERE nspname = CURRENT_SCHEMA()))

2025/09/24 14:13:45 [32m/Users/ny/Documents/robusta-web/backend/internal/db/database.go:53
[0m[33m[0.234ms] [34;1m[rows:0][0m SELECT description FROM pg_catalog.pg_description WHERE objsubid = (SELECT ordinal_position FROM information_schema.columns WHERE table_schema = CURRENT_SCHEMA() AND table_name = 'alerts' AND column_name = 'severity') AND objoid = (SELECT oid FROM pg_catalog.pg_class WHERE relname = 'alerts' AND relnamespace = (SELECT oid FROM pg_catalog.pg_namespace WHERE nspname = CURRENT_SCHEMA()))

2025/09/24 14:13:45 [32m/Users/ny/Documents/robusta-web/backend/internal/db/database.go:53
[0m[33m[0.321ms] [34;1m[rows:0][0m SELECT description FROM pg_catalog.pg_description WHERE objsubid = (SELECT ordinal_position FROM information_schema.columns WHERE table_schema = CURRENT_SCHEMA() AND table_name = 'alerts' AND column_name = 'status') AND objoid = (SELECT oid FROM pg_catalog.pg_class WHERE relname = 'alerts' AND relnamespace = (SELECT oid FROM pg_catalog.pg_namespace WHERE nspname = CURRENT_SCHEMA()))

2025/09/24 14:13:45 [32m/Users/ny/Documents/robusta-web/backend/internal/db/database.go:53
[0m[33m[0.374ms] [34;1m[rows:0][0m SELECT description FROM pg_catalog.pg_description WHERE objsubid = (SELECT ordinal_position FROM information_schema.columns WHERE table_schema = CURRENT_SCHEMA() AND table_name = 'alerts' AND column_name = 'labels') AND objoid = (SELECT oid FROM pg_catalog.pg_class WHERE relname = 'alerts' AND relnamespace = (SELECT oid FROM pg_catalog.pg_namespace WHERE nspname = CURRENT_SCHEMA()))

2025/09/24 14:13:45 [32m/Users/ny/Documents/robusta-web/backend/internal/db/database.go:53
[0m[33m[0.283ms] [34;1m[rows:0][0m SELECT description FROM pg_catalog.pg_description WHERE objsubid = (SELECT ordinal_position FROM information_schema.columns WHERE table_schema = CURRENT_SCHEMA() AND table_name = 'alerts' AND column_name = 'annotations') AND objoid = (SELECT oid FROM pg_catalog.pg_class WHERE relname = 'alerts' AND relnamespace = (SELECT oid FROM pg_catalog.pg_namespace WHERE nspname = CURRENT_SCHEMA()))

2025/09/24 14:13:45 [32m/Users/ny/Documents/robusta-web/backend/internal/db/database.go:53
[0m[33m[0.201ms] [34;1m[rows:0][0m SELECT description FROM pg_catalog.pg_description WHERE objsubid = (SELECT ordinal_position FROM information_schema.columns WHERE table_schema = CURRENT_SCHEMA() AND table_name = 'alerts' AND column_name = 'starts_at') AND objoid = (SELECT oid FROM pg_catalog.pg_class WHERE relname = 'alerts' AND relnamespace = (SELECT oid FROM pg_catalog.pg_namespace WHERE nspname = CURRENT_SCHEMA()))

2025/09/24 14:13:45 [32m/Users/ny/Documents/robusta-web/backend/internal/db/database.go:53
[0m[33m[0.210ms] [34;1m[rows:0][0m SELECT description FROM pg_catalog.pg_description WHERE objsubid = (SELECT ordinal_position FROM information_schema.columns WHERE table_schema = CURRENT_SCHEMA() AND table_name = 'alerts' AND column_name = 'ends_at') AND objoid = (SELECT oid FROM pg_catalog.pg_class WHERE relname = 'alerts' AND relnamespace = (SELECT oid FROM pg_catalog.pg_namespace WHERE nspname = CURRENT_SCHEMA()))

2025/09/24 14:13:45 [32m/Users/ny/Documents/robusta-web/backend/internal/db/database.go:53
[0m[33m[1.256ms] [34;1m[rows:1][0m SELECT count(*) FROM pg_indexes WHERE tablename = 'alerts' AND indexname = 'idx_alerts_deleted_at' AND schemaname = CURRENT_SCHEMA()

2025/09/24 14:13:45 [32m/Users/ny/Documents/robusta-web/backend/internal/db/database.go:53
[0m[33m[0.412ms] [34;1m[rows:1][0m SELECT count(*) FROM information_schema.tables WHERE table_schema = CURRENT_SCHEMA() AND table_name = 'clusters' AND table_type = 'BASE TABLE'

2025/09/24 14:13:45 [32m/Users/ny/Documents/robusta-web/backend/internal/db/database.go:53
[0m[33m[0.140ms] [34;1m[rows:1][0m SELECT CURRENT_DATABASE()

2025/09/24 14:13:45 [32m/Users/ny/Documents/robusta-web/backend/internal/db/database.go:53
[0m[33m[2.980ms] [34;1m[rows:-][0m SELECT c.column_name, c.is_nullable = 'YES', c.udt_name, c.character_maximum_length, c.numeric_precision, c.numeric_precision_radix, c.numeric_scale, c.datetime_precision, 8 * typlen, c.column_default, pd.description, c.identity_increment FROM information_schema.columns AS c JOIN pg_type AS pgt ON c.udt_name = pgt.typname LEFT JOIN pg_catalog.pg_description as pd ON pd.objsubid = c.ordinal_position AND pd.objoid = (SELECT oid FROM pg_catalog.pg_class WHERE relname = c.table_name AND relnamespace = (SELECT oid FROM pg_catalog.pg_namespace WHERE nspname = c.table_schema)) where table_catalog = 'robusta_hub' AND table_schema = CURRENT_SCHEMA() AND table_name = 'clusters'

2025/09/24 14:13:45 [32m/Users/ny/Documents/robusta-web/backend/internal/db/database.go:53
[0m[33m[0.390ms] [34;1m[rows:-][0m SELECT * FROM "clusters" LIMIT 5

2025/09/24 14:13:45 [32m/Users/ny/Documents/robusta-web/backend/internal/db/database.go:53
[0m[33m[3.622ms] [34;1m[rows:-][0m SELECT constraint_name FROM information_schema.table_constraints tc JOIN information_schema.constraint_column_usage AS ccu USING (constraint_schema, constraint_catalog, table_name, constraint_name) JOIN information_schema.columns AS c ON c.table_schema = tc.constraint_schema AND tc.table_name = c.table_name AND ccu.column_name = c.column_name WHERE constraint_type IN ('PRIMARY KEY', 'UNIQUE') AND c.table_catalog = 'robusta_hub' AND c.table_schema = CURRENT_SCHEMA() AND c.table_name = 'clusters' AND constraint_type = 'UNIQUE'

2025/09/24 14:13:45 [32m/Users/ny/Documents/robusta-web/backend/internal/db/database.go:53
[0m[33m[3.360ms] [34;1m[rows:-][0m SELECT c.column_name, constraint_name, constraint_type FROM information_schema.table_constraints tc JOIN information_schema.constraint_column_usage AS ccu USING (constraint_schema, constraint_catalog, table_name, constraint_name) JOIN information_schema.columns AS c ON c.table_schema = tc.constraint_schema AND tc.table_name = c.table_name AND ccu.column_name = c.column_name WHERE constraint_type IN ('PRIMARY KEY', 'UNIQUE') AND c.table_catalog = 'robusta_hub' AND c.table_schema = CURRENT_SCHEMA() AND c.table_name = 'clusters'

2025/09/24 14:13:45 [32m/Users/ny/Documents/robusta-web/backend/internal/db/database.go:53
[0m[33m[0.277ms] [34;1m[rows:-][0m SELECT a.attname as column_name, format_type(a.atttypid, a.atttypmod) AS data_type
		FROM pg_attribute a JOIN pg_class b ON a.attrelid = b.oid AND relnamespace = (SELECT oid FROM pg_catalog.pg_namespace WHERE nspname = CURRENT_SCHEMA())
		WHERE a.attnum > 0 -- hide internal columns
		AND NOT a.attisdropped -- hide deleted columns
		AND b.relname = 'clusters'

2025/09/24 14:13:45 [32m/Users/ny/Documents/robusta-web/backend/internal/db/database.go:53
[0m[33m[0.220ms] [34;1m[rows:0][0m SELECT description FROM pg_catalog.pg_description WHERE objsubid = (SELECT ordinal_position FROM information_schema.columns WHERE table_schema = CURRENT_SCHEMA() AND table_name = 'clusters' AND column_name = 'id') AND objoid = (SELECT oid FROM pg_catalog.pg_class WHERE relname = 'clusters' AND relnamespace = (SELECT oid FROM pg_catalog.pg_namespace WHERE nspname = CURRENT_SCHEMA()))

2025/09/24 14:13:45 [32m
[0m[33m[0.127ms] [34;1m[rows:1][0m SELECT CURRENT_DATABASE()

2025/09/24 14:13:45 [32m
[0m[33m[2.209ms] [34;1m[rows:-][0m SELECT c.column_name, c.is_nullable = 'YES', c.udt_name, c.character_maximum_length, c.numeric_precision, c.numeric_precision_radix, c.numeric_scale, c.datetime_precision, 8 * typlen, c.column_default, pd.description, c.identity_increment FROM information_schema.columns AS c JOIN pg_type AS pgt ON c.udt_name = pgt.typname LEFT JOIN pg_catalog.pg_description as pd ON pd.objsubid = c.ordinal_position AND pd.objoid = (SELECT oid FROM pg_catalog.pg_class WHERE relname = c.table_name AND relnamespace = (SELECT oid FROM pg_catalog.pg_namespace WHERE nspname = c.table_schema)) where table_catalog = 'robusta_hub' AND table_schema = CURRENT_SCHEMA() AND table_name = 'clusters'

2025/09/24 14:13:45 [32m
[0m[33m[0.169ms] [34;1m[rows:-][0m SELECT * FROM "clusters" LIMIT 5

2025/09/24 14:13:45 [32m
[0m[33m[3.425ms] [34;1m[rows:-][0m SELECT constraint_name FROM information_schema.table_constraints tc JOIN information_schema.constraint_column_usage AS ccu USING (constraint_schema, constraint_catalog, table_name, constraint_name) JOIN information_schema.columns AS c ON c.table_schema = tc.constraint_schema AND tc.table_name = c.table_name AND ccu.column_name = c.column_name WHERE constraint_type IN ('PRIMARY KEY', 'UNIQUE') AND c.table_catalog = 'robusta_hub' AND c.table_schema = CURRENT_SCHEMA() AND c.table_name = 'clusters' AND constraint_type = 'UNIQUE'

2025/09/24 14:13:45 [32m
[0m[33m[3.075ms] [34;1m[rows:-][0m SELECT c.column_name, constraint_name, constraint_type FROM information_schema.table_constraints tc JOIN information_schema.constraint_column_usage AS ccu USING (constraint_schema, constraint_catalog, table_name, constraint_name) JOIN information_schema.columns AS c ON c.table_schema = tc.constraint_schema AND tc.table_name = c.table_name AND ccu.column_name = c.column_name WHERE constraint_type IN ('PRIMARY KEY', 'UNIQUE') AND c.table_catalog = 'robusta_hub' AND c.table_schema = CURRENT_SCHEMA() AND c.table_name = 'clusters'

2025/09/24 14:13:45 [32m
[0m[33m[0.239ms] [34;1m[rows:-][0m SELECT a.attname as column_name, format_type(a.atttypid, a.atttypmod) AS data_type
		FROM pg_attribute a JOIN pg_class b ON a.attrelid = b.oid AND relnamespace = (SELECT oid FROM pg_catalog.pg_namespace WHERE nspname = CURRENT_SCHEMA())
		WHERE a.attnum > 0 -- hide internal columns
		AND NOT a.attisdropped -- hide deleted columns
		AND b.relname = 'clusters'

2025/09/24 14:13:45 [32m/Users/ny/Documents/robusta-web/backend/internal/db/database.go:53
[0m[33m[0.216ms] [34;1m[rows:0][0m SELECT description FROM pg_catalog.pg_description WHERE objsubid = (SELECT ordinal_position FROM information_schema.columns WHERE table_schema = CURRENT_SCHEMA() AND table_name = 'clusters' AND column_name = 'created_at') AND objoid = (SELECT oid FROM pg_catalog.pg_class WHERE relname = 'clusters' AND relnamespace = (SELECT oid FROM pg_catalog.pg_namespace WHERE nspname = CURRENT_SCHEMA()))

2025/09/24 14:13:45 [32m
[0m[33m[0.126ms] [34;1m[rows:1][0m SELECT CURRENT_DATABASE()

2025/09/24 14:13:45 [32m
[0m[33m[1.998ms] [34;1m[rows:-][0m SELECT c.column_name, c.is_nullable = 'YES', c.udt_name, c.character_maximum_length, c.numeric_precision, c.numeric_precision_radix, c.numeric_scale, c.datetime_precision, 8 * typlen, c.column_default, pd.description, c.identity_increment FROM information_schema.columns AS c JOIN pg_type AS pgt ON c.udt_name = pgt.typname LEFT JOIN pg_catalog.pg_description as pd ON pd.objsubid = c.ordinal_position AND pd.objoid = (SELECT oid FROM pg_catalog.pg_class WHERE relname = c.table_name AND relnamespace = (SELECT oid FROM pg_catalog.pg_namespace WHERE nspname = c.table_schema)) where table_catalog = 'robusta_hub' AND table_schema = CURRENT_SCHEMA() AND table_name = 'clusters'

2025/09/24 14:13:45 [32m
[0m[33m[0.162ms] [34;1m[rows:-][0m SELECT * FROM "clusters" LIMIT 5

2025/09/24 14:13:45 [32m
[0m[33m[3.025ms] [34;1m[rows:-][0m SELECT constraint_name FROM information_schema.table_constraints tc JOIN information_schema.constraint_column_usage AS ccu USING (constraint_schema, constraint_catalog, table_name, constraint_name) JOIN information_schema.columns AS c ON c.table_schema = tc.constraint_schema AND tc.table_name = c.table_name AND ccu.column_name = c.column_name WHERE constraint_type IN ('PRIMARY KEY', 'UNIQUE') AND c.table_catalog = 'robusta_hub' AND c.table_schema = CURRENT_SCHEMA() AND c.table_name = 'clusters' AND constraint_type = 'UNIQUE'

2025/09/24 14:13:45 [32m
[0m[33m[2.778ms] [34;1m[rows:-][0m SELECT c.column_name, constraint_name, constraint_type FROM information_schema.table_constraints tc JOIN information_schema.constraint_column_usage AS ccu USING (constraint_schema, constraint_catalog, table_name, constraint_name) JOIN information_schema.columns AS c ON c.table_schema = tc.constraint_schema AND tc.table_name = c.table_name AND ccu.column_name = c.column_name WHERE constraint_type IN ('PRIMARY KEY', 'UNIQUE') AND c.table_catalog = 'robusta_hub' AND c.table_schema = CURRENT_SCHEMA() AND c.table_name = 'clusters'

2025/09/24 14:13:45 [32m
[0m[33m[0.276ms] [34;1m[rows:-][0m SELECT a.attname as column_name, format_type(a.atttypid, a.atttypmod) AS data_type
		FROM pg_attribute a JOIN pg_class b ON a.attrelid = b.oid AND relnamespace = (SELECT oid FROM pg_catalog.pg_namespace WHERE nspname = CURRENT_SCHEMA())
		WHERE a.attnum > 0 -- hide internal columns
		AND NOT a.attisdropped -- hide deleted columns
		AND b.relname = 'clusters'

2025/09/24 14:13:45 [32m/Users/ny/Documents/robusta-web/backend/internal/db/database.go:53
[0m[33m[0.207ms] [34;1m[rows:0][0m SELECT description FROM pg_catalog.pg_description WHERE objsubid = (SELECT ordinal_position FROM information_schema.columns WHERE table_schema = CURRENT_SCHEMA() AND table_name = 'clusters' AND column_name = 'updated_at') AND objoid = (SELECT oid FROM pg_catalog.pg_class WHERE relname = 'clusters' AND relnamespace = (SELECT oid FROM pg_catalog.pg_namespace WHERE nspname = CURRENT_SCHEMA()))

2025/09/24 14:13:45 [32m/Users/ny/Documents/robusta-web/backend/internal/db/database.go:53
[0m[33m[0.193ms] [34;1m[rows:0][0m SELECT description FROM pg_catalog.pg_description WHERE objsubid = (SELECT ordinal_position FROM information_schema.columns WHERE table_schema = CURRENT_SCHEMA() AND table_name = 'clusters' AND column_name = 'deleted_at') AND objoid = (SELECT oid FROM pg_catalog.pg_class WHERE relname = 'clusters' AND relnamespace = (SELECT oid FROM pg_catalog.pg_namespace WHERE nspname = CURRENT_SCHEMA()))

2025/09/24 14:13:45 [32m/Users/ny/Documents/robusta-web/backend/internal/db/database.go:53
[0m[33m[0.188ms] [34;1m[rows:0][0m SELECT description FROM pg_catalog.pg_description WHERE objsubid = (SELECT ordinal_position FROM information_schema.columns WHERE table_schema = CURRENT_SCHEMA() AND table_name = 'clusters' AND column_name = 'cluster_id') AND objoid = (SELECT oid FROM pg_catalog.pg_class WHERE relname = 'clusters' AND relnamespace = (SELECT oid FROM pg_catalog.pg_namespace WHERE nspname = CURRENT_SCHEMA()))

2025/09/24 14:13:45 [32m/Users/ny/Documents/robusta-web/backend/internal/db/database.go:53
[0m[33m[0.185ms] [34;1m[rows:0][0m SELECT description FROM pg_catalog.pg_description WHERE objsubid = (SELECT ordinal_position FROM information_schema.columns WHERE table_schema = CURRENT_SCHEMA() AND table_name = 'clusters' AND column_name = 'name') AND objoid = (SELECT oid FROM pg_catalog.pg_class WHERE relname = 'clusters' AND relnamespace = (SELECT oid FROM pg_catalog.pg_namespace WHERE nspname = CURRENT_SCHEMA()))

2025/09/24 14:13:45 [32m/Users/ny/Documents/robusta-web/backend/internal/db/database.go:53
[0m[33m[0.184ms] [34;1m[rows:0][0m SELECT description FROM pg_catalog.pg_description WHERE objsubid = (SELECT ordinal_position FROM information_schema.columns WHERE table_schema = CURRENT_SCHEMA() AND table_name = 'clusters' AND column_name = 'description') AND objoid = (SELECT oid FROM pg_catalog.pg_class WHERE relname = 'clusters' AND relnamespace = (SELECT oid FROM pg_catalog.pg_namespace WHERE nspname = CURRENT_SCHEMA()))

2025/09/24 14:13:45 [32m/Users/ny/Documents/robusta-web/backend/internal/db/database.go:53
[0m[33m[0.186ms] [34;1m[rows:0][0m SELECT description FROM pg_catalog.pg_description WHERE objsubid = (SELECT ordinal_position FROM information_schema.columns WHERE table_schema = CURRENT_SCHEMA() AND table_name = 'clusters' AND column_name = 'status') AND objoid = (SELECT oid FROM pg_catalog.pg_class WHERE relname = 'clusters' AND relnamespace = (SELECT oid FROM pg_catalog.pg_namespace WHERE nspname = CURRENT_SCHEMA()))

2025/09/24 14:13:45 [32m/Users/ny/Documents/robusta-web/backend/internal/db/database.go:53
[0m[33m[0.199ms] [34;1m[rows:0][0m SELECT description FROM pg_catalog.pg_description WHERE objsubid = (SELECT ordinal_position FROM information_schema.columns WHERE table_schema = CURRENT_SCHEMA() AND table_name = 'clusters' AND column_name = 'last_heartbeat') AND objoid = (SELECT oid FROM pg_catalog.pg_class WHERE relname = 'clusters' AND relnamespace = (SELECT oid FROM pg_catalog.pg_namespace WHERE nspname = CURRENT_SCHEMA()))

2025/09/24 14:13:45 [32m/Users/ny/Documents/robusta-web/backend/internal/db/database.go:53
[0m[33m[0.377ms] [34;1m[rows:1][0m SELECT count(*) FROM pg_indexes WHERE tablename = 'clusters' AND indexname = 'idx_clusters_deleted_at' AND schemaname = CURRENT_SCHEMA()

2025/09/24 14:13:45 [32m/Users/ny/Documents/robusta-web/backend/internal/db/database.go:53
[0m[33m[0.301ms] [34;1m[rows:1][0m SELECT count(*) FROM information_schema.tables WHERE table_schema = CURRENT_SCHEMA() AND table_name = 'rca_runs' AND table_type = 'BASE TABLE'

2025/09/24 14:13:45 [32m/Users/ny/Documents/robusta-web/backend/internal/db/database.go:53
[0m[33m[0.126ms] [34;1m[rows:1][0m SELECT CURRENT_DATABASE()

2025/09/24 14:13:45 [32m/Users/ny/Documents/robusta-web/backend/internal/db/database.go:53
[0m[33m[0.757ms] [34;1m[rows:-][0m SELECT c.column_name, c.is_nullable = 'YES', c.udt_name, c.character_maximum_length, c.numeric_precision, c.numeric_precision_radix, c.numeric_scale, c.datetime_precision, 8 * typlen, c.column_default, pd.description, c.identity_increment FROM information_schema.columns AS c JOIN pg_type AS pgt ON c.udt_name = pgt.typname LEFT JOIN pg_catalog.pg_description as pd ON pd.objsubid = c.ordinal_position AND pd.objoid = (SELECT oid FROM pg_catalog.pg_class WHERE relname = c.table_name AND relnamespace = (SELECT oid FROM pg_catalog.pg_namespace WHERE nspname = c.table_schema)) where table_catalog = 'robusta_hub' AND table_schema = CURRENT_SCHEMA() AND table_name = 'rca_runs'

2025/09/24 14:13:45 [32m/Users/ny/Documents/robusta-web/backend/internal/db/database.go:53
[0m[33m[0.352ms] [34;1m[rows:-][0m SELECT * FROM "rca_runs" LIMIT 5

2025/09/24 14:13:45 [32m/Users/ny/Documents/robusta-web/backend/internal/db/database.go:53
[0m[33m[0.583ms] [34;1m[rows:-][0m SELECT constraint_name FROM information_schema.table_constraints tc JOIN information_schema.constraint_column_usage AS ccu USING (constraint_schema, constraint_catalog, table_name, constraint_name) JOIN information_schema.columns AS c ON c.table_schema = tc.constraint_schema AND tc.table_name = c.table_name AND ccu.column_name = c.column_name WHERE constraint_type IN ('PRIMARY KEY', 'UNIQUE') AND c.table_catalog = 'robusta_hub' AND c.table_schema = CURRENT_SCHEMA() AND c.table_name = 'rca_runs' AND constraint_type = 'UNIQUE'

2025/09/24 14:13:45 [32m/Users/ny/Documents/robusta-web/backend/internal/db/database.go:53
[0m[33m[0.456ms] [34;1m[rows:-][0m SELECT c.column_name, constraint_name, constraint_type FROM information_schema.table_constraints tc JOIN information_schema.constraint_column_usage AS ccu USING (constraint_schema, constraint_catalog, table_name, constraint_name) JOIN information_schema.columns AS c ON c.table_schema = tc.constraint_schema AND tc.table_name = c.table_name AND ccu.column_name = c.column_name WHERE constraint_type IN ('PRIMARY KEY', 'UNIQUE') AND c.table_catalog = 'robusta_hub' AND c.table_schema = CURRENT_SCHEMA() AND c.table_name = 'rca_runs'

2025/09/24 14:13:45 [32m/Users/ny/Documents/robusta-web/backend/internal/db/database.go:53
[0m[33m[0.145ms] [34;1m[rows:-][0m SELECT a.attname as column_name, format_type(a.atttypid, a.atttypmod) AS data_type
		FROM pg_attribute a JOIN pg_class b ON a.attrelid = b.oid AND relnamespace = (SELECT oid FROM pg_catalog.pg_namespace WHERE nspname = CURRENT_SCHEMA())
		WHERE a.attnum > 0 -- hide internal columns
		AND NOT a.attisdropped -- hide deleted columns
		AND b.relname = 'rca_runs'

2025/09/24 14:13:45 [32m/Users/ny/Documents/robusta-web/backend/internal/db/database.go:53
[0m[33m[0.219ms] [34;1m[rows:0][0m SELECT description FROM pg_catalog.pg_description WHERE objsubid = (SELECT ordinal_position FROM information_schema.columns WHERE table_schema = CURRENT_SCHEMA() AND table_name = 'rca_runs' AND column_name = 'id') AND objoid = (SELECT oid FROM pg_catalog.pg_class WHERE relname = 'rca_runs' AND relnamespace = (SELECT oid FROM pg_catalog.pg_namespace WHERE nspname = CURRENT_SCHEMA()))

2025/09/24 14:13:45 [32m
[0m[33m[0.126ms] [34;1m[rows:1][0m SELECT CURRENT_DATABASE()

2025/09/24 14:13:45 [32m
[0m[33m[0.599ms] [34;1m[rows:-][0m SELECT c.column_name, c.is_nullable = 'YES', c.udt_name, c.character_maximum_length, c.numeric_precision, c.numeric_precision_radix, c.numeric_scale, c.datetime_precision, 8 * typlen, c.column_default, pd.description, c.identity_increment FROM information_schema.columns AS c JOIN pg_type AS pgt ON c.udt_name = pgt.typname LEFT JOIN pg_catalog.pg_description as pd ON pd.objsubid = c.ordinal_position AND pd.objoid = (SELECT oid FROM pg_catalog.pg_class WHERE relname = c.table_name AND relnamespace = (SELECT oid FROM pg_catalog.pg_namespace WHERE nspname = c.table_schema)) where table_catalog = 'robusta_hub' AND table_schema = CURRENT_SCHEMA() AND table_name = 'rca_runs'

2025/09/24 14:13:45 [32m
[0m[33m[0.144ms] [34;1m[rows:-][0m SELECT * FROM "rca_runs" LIMIT 5

2025/09/24 14:13:45 [32m
[0m[33m[0.452ms] [34;1m[rows:-][0m SELECT constraint_name FROM information_schema.table_constraints tc JOIN information_schema.constraint_column_usage AS ccu USING (constraint_schema, constraint_catalog, table_name, constraint_name) JOIN information_schema.columns AS c ON c.table_schema = tc.constraint_schema AND tc.table_name = c.table_name AND ccu.column_name = c.column_name WHERE constraint_type IN ('PRIMARY KEY', 'UNIQUE') AND c.table_catalog = 'robusta_hub' AND c.table_schema = CURRENT_SCHEMA() AND c.table_name = 'rca_runs' AND constraint_type = 'UNIQUE'

2025/09/24 14:13:45 [32m
[0m[33m[0.441ms] [34;1m[rows:-][0m SELECT c.column_name, constraint_name, constraint_type FROM information_schema.table_constraints tc JOIN information_schema.constraint_column_usage AS ccu USING (constraint_schema, constraint_catalog, table_name, constraint_name) JOIN information_schema.columns AS c ON c.table_schema = tc.constraint_schema AND tc.table_name = c.table_name AND ccu.column_name = c.column_name WHERE constraint_type IN ('PRIMARY KEY', 'UNIQUE') AND c.table_catalog = 'robusta_hub' AND c.table_schema = CURRENT_SCHEMA() AND c.table_name = 'rca_runs'

2025/09/24 14:13:45 [32m
[0m[33m[0.132ms] [34;1m[rows:-][0m SELECT a.attname as column_name, format_type(a.atttypid, a.atttypmod) AS data_type
		FROM pg_attribute a JOIN pg_class b ON a.attrelid = b.oid AND relnamespace = (SELECT oid FROM pg_catalog.pg_namespace WHERE nspname = CURRENT_SCHEMA())
		WHERE a.attnum > 0 -- hide internal columns
		AND NOT a.attisdropped -- hide deleted columns
		AND b.relname = 'rca_runs'

2025/09/24 14:13:45 [32m/Users/ny/Documents/robusta-web/backend/internal/db/database.go:53
[0m[33m[0.207ms] [34;1m[rows:0][0m SELECT description FROM pg_catalog.pg_description WHERE objsubid = (SELECT ordinal_position FROM information_schema.columns WHERE table_schema = CURRENT_SCHEMA() AND table_name = 'rca_runs' AND column_name = 'created_at') AND objoid = (SELECT oid FROM pg_catalog.pg_class WHERE relname = 'rca_runs' AND relnamespace = (SELECT oid FROM pg_catalog.pg_namespace WHERE nspname = CURRENT_SCHEMA()))

2025/09/24 14:13:45 [32m
[0m[33m[0.111ms] [34;1m[rows:1][0m SELECT CURRENT_DATABASE()

2025/09/24 14:13:45 [32m
[0m[33m[0.604ms] [34;1m[rows:-][0m SELECT c.column_name, c.is_nullable = 'YES', c.udt_name, c.character_maximum_length, c.numeric_precision, c.numeric_precision_radix, c.numeric_scale, c.datetime_precision, 8 * typlen, c.column_default, pd.description, c.identity_increment FROM information_schema.columns AS c JOIN pg_type AS pgt ON c.udt_name = pgt.typname LEFT JOIN pg_catalog.pg_description as pd ON pd.objsubid = c.ordinal_position AND pd.objoid = (SELECT oid FROM pg_catalog.pg_class WHERE relname = c.table_name AND relnamespace = (SELECT oid FROM pg_catalog.pg_namespace WHERE nspname = c.table_schema)) where table_catalog = 'robusta_hub' AND table_schema = CURRENT_SCHEMA() AND table_name = 'rca_runs'

2025/09/24 14:13:45 [32m
[0m[33m[0.149ms] [34;1m[rows:-][0m SELECT * FROM "rca_runs" LIMIT 5

2025/09/24 14:13:45 [32m
[0m[33m[0.475ms] [34;1m[rows:-][0m SELECT constraint_name FROM information_schema.table_constraints tc JOIN information_schema.constraint_column_usage AS ccu USING (constraint_schema, constraint_catalog, table_name, constraint_name) JOIN information_schema.columns AS c ON c.table_schema = tc.constraint_schema AND tc.table_name = c.table_name AND ccu.column_name = c.column_name WHERE constraint_type IN ('PRIMARY KEY', 'UNIQUE') AND c.table_catalog = 'robusta_hub' AND c.table_schema = CURRENT_SCHEMA() AND c.table_name = 'rca_runs' AND constraint_type = 'UNIQUE'

2025/09/24 14:13:45 [32m
[0m[33m[0.463ms] [34;1m[rows:-][0m SELECT c.column_name, constraint_name, constraint_type FROM information_schema.table_constraints tc JOIN information_schema.constraint_column_usage AS ccu USING (constraint_schema, constraint_catalog, table_name, constraint_name) JOIN information_schema.columns AS c ON c.table_schema = tc.constraint_schema AND tc.table_name = c.table_name AND ccu.column_name = c.column_name WHERE constraint_type IN ('PRIMARY KEY', 'UNIQUE') AND c.table_catalog = 'robusta_hub' AND c.table_schema = CURRENT_SCHEMA() AND c.table_name = 'rca_runs'

2025/09/24 14:13:45 [32m
[0m[33m[0.235ms] [34;1m[rows:-][0m SELECT a.attname as column_name, format_type(a.atttypid, a.atttypmod) AS data_type
		FROM pg_attribute a JOIN pg_class b ON a.attrelid = b.oid AND relnamespace = (SELECT oid FROM pg_catalog.pg_namespace WHERE nspname = CURRENT_SCHEMA())
		WHERE a.attnum > 0 -- hide internal columns
		AND NOT a.attisdropped -- hide deleted columns
		AND b.relname = 'rca_runs'

2025/09/24 14:13:45 [32m/Users/ny/Documents/robusta-web/backend/internal/db/database.go:53
[0m[33m[0.430ms] [34;1m[rows:0][0m SELECT description FROM pg_catalog.pg_description WHERE objsubid = (SELECT ordinal_position FROM information_schema.columns WHERE table_schema = CURRENT_SCHEMA() AND table_name = 'rca_runs' AND column_name = 'updated_at') AND objoid = (SELECT oid FROM pg_catalog.pg_class WHERE relname = 'rca_runs' AND relnamespace = (SELECT oid FROM pg_catalog.pg_namespace WHERE nspname = CURRENT_SCHEMA()))

2025/09/24 14:13:45 [32m/Users/ny/Documents/robusta-web/backend/internal/db/database.go:53
[0m[33m[0.416ms] [34;1m[rows:0][0m SELECT description FROM pg_catalog.pg_description WHERE objsubid = (SELECT ordinal_position FROM information_schema.columns WHERE table_schema = CURRENT_SCHEMA() AND table_name = 'rca_runs' AND column_name = 'deleted_at') AND objoid = (SELECT oid FROM pg_catalog.pg_class WHERE relname = 'rca_runs' AND relnamespace = (SELECT oid FROM pg_catalog.pg_namespace WHERE nspname = CURRENT_SCHEMA()))

2025/09/24 14:13:45 [32m/Users/ny/Documents/robusta-web/backend/internal/db/database.go:53
[0m[33m[0.308ms] [34;1m[rows:0][0m SELECT description FROM pg_catalog.pg_description WHERE objsubid = (SELECT ordinal_position FROM information_schema.columns WHERE table_schema = CURRENT_SCHEMA() AND table_name = 'rca_runs' AND column_name = 'alert_id') AND objoid = (SELECT oid FROM pg_catalog.pg_class WHERE relname = 'rca_runs' AND relnamespace = (SELECT oid FROM pg_catalog.pg_namespace WHERE nspname = CURRENT_SCHEMA()))

2025/09/24 14:13:45 [32m/Users/ny/Documents/robusta-web/backend/internal/db/database.go:53
[0m[33m[0.245ms] [34;1m[rows:0][0m SELECT description FROM pg_catalog.pg_description WHERE objsubid = (SELECT ordinal_position FROM information_schema.columns WHERE table_schema = CURRENT_SCHEMA() AND table_name = 'rca_runs' AND column_name = 'status') AND objoid = (SELECT oid FROM pg_catalog.pg_class WHERE relname = 'rca_runs' AND relnamespace = (SELECT oid FROM pg_catalog.pg_namespace WHERE nspname = CURRENT_SCHEMA()))

2025/09/24 14:13:45 [32m/Users/ny/Documents/robusta-web/backend/internal/db/database.go:53
[0m[33m[0.288ms] [34;1m[rows:0][0m SELECT description FROM pg_catalog.pg_description WHERE objsubid = (SELECT ordinal_position FROM information_schema.columns WHERE table_schema = CURRENT_SCHEMA() AND table_name = 'rca_runs' AND column_name = 'summary') AND objoid = (SELECT oid FROM pg_catalog.pg_class WHERE relname = 'rca_runs' AND relnamespace = (SELECT oid FROM pg_catalog.pg_namespace WHERE nspname = CURRENT_SCHEMA()))

2025/09/24 14:13:45 [32m/Users/ny/Documents/robusta-web/backend/internal/db/database.go:53
[0m[33m[0.231ms] [34;1m[rows:0][0m SELECT description FROM pg_catalog.pg_description WHERE objsubid = (SELECT ordinal_position FROM information_schema.columns WHERE table_schema = CURRENT_SCHEMA() AND table_name = 'rca_runs' AND column_name = 'suspects') AND objoid = (SELECT oid FROM pg_catalog.pg_class WHERE relname = 'rca_runs' AND relnamespace = (SELECT oid FROM pg_catalog.pg_namespace WHERE nspname = CURRENT_SCHEMA()))

2025/09/24 14:13:45 [32m/Users/ny/Documents/robusta-web/backend/internal/db/database.go:53
[0m[33m[0.268ms] [34;1m[rows:0][0m SELECT description FROM pg_catalog.pg_description WHERE objsubid = (SELECT ordinal_position FROM information_schema.columns WHERE table_schema = CURRENT_SCHEMA() AND table_name = 'rca_runs' AND column_name = 'recommendations') AND objoid = (SELECT oid FROM pg_catalog.pg_class WHERE relname = 'rca_runs' AND relnamespace = (SELECT oid FROM pg_catalog.pg_namespace WHERE nspname = CURRENT_SCHEMA()))

2025/09/24 14:13:45 [32m/Users/ny/Documents/robusta-web/backend/internal/db/database.go:53
[0m[33m[0.186ms] [34;1m[rows:0][0m SELECT description FROM pg_catalog.pg_description WHERE objsubid = (SELECT ordinal_position FROM information_schema.columns WHERE table_schema = CURRENT_SCHEMA() AND table_name = 'rca_runs' AND column_name = 'attachments') AND objoid = (SELECT oid FROM pg_catalog.pg_class WHERE relname = 'rca_runs' AND relnamespace = (SELECT oid FROM pg_catalog.pg_namespace WHERE nspname = CURRENT_SCHEMA()))

2025/09/24 14:13:45 [32m/Users/ny/Documents/robusta-web/backend/internal/db/database.go:53
[0m[33m[0.185ms] [34;1m[rows:0][0m SELECT description FROM pg_catalog.pg_description WHERE objsubid = (SELECT ordinal_position FROM information_schema.columns WHERE table_schema = CURRENT_SCHEMA() AND table_name = 'rca_runs' AND column_name = 'started_at') AND objoid = (SELECT oid FROM pg_catalog.pg_class WHERE relname = 'rca_runs' AND relnamespace = (SELECT oid FROM pg_catalog.pg_namespace WHERE nspname = CURRENT_SCHEMA()))

2025/09/24 14:13:45 [32m/Users/ny/Documents/robusta-web/backend/internal/db/database.go:53
[0m[33m[0.168ms] [34;1m[rows:0][0m SELECT description FROM pg_catalog.pg_description WHERE objsubid = (SELECT ordinal_position FROM information_schema.columns WHERE table_schema = CURRENT_SCHEMA() AND table_name = 'rca_runs' AND column_name = 'completed_at') AND objoid = (SELECT oid FROM pg_catalog.pg_class WHERE relname = 'rca_runs' AND relnamespace = (SELECT oid FROM pg_catalog.pg_namespace WHERE nspname = CURRENT_SCHEMA()))

2025/09/24 14:13:45 [32m/Users/ny/Documents/robusta-web/backend/internal/db/database.go:53
[0m[33m[0.187ms] [34;1m[rows:0][0m SELECT description FROM pg_catalog.pg_description WHERE objsubid = (SELECT ordinal_position FROM information_schema.columns WHERE table_schema = CURRENT_SCHEMA() AND table_name = 'rca_runs' AND column_name = 'error_message') AND objoid = (SELECT oid FROM pg_catalog.pg_class WHERE relname = 'rca_runs' AND relnamespace = (SELECT oid FROM pg_catalog.pg_namespace WHERE nspname = CURRENT_SCHEMA()))

2025/09/24 14:13:45 [32m/Users/ny/Documents/robusta-web/backend/internal/db/database.go:53
[0m[33m[0.380ms] [34;1m[rows:1][0m SELECT count(*) FROM pg_indexes WHERE tablename = 'rca_runs' AND indexname = 'idx_rca_runs_deleted_at' AND schemaname = CURRENT_SCHEMA()

2025/09/24 14:13:45 [32m/Users/ny/Documents/robusta-web/backend/internal/db/database.go:53
[0m[33m[0.303ms] [34;1m[rows:1][0m SELECT count(*) FROM information_schema.tables WHERE table_schema = CURRENT_SCHEMA() AND table_name = 'audit_logs' AND table_type = 'BASE TABLE'

2025/09/24 14:13:45 [32m/Users/ny/Documents/robusta-web/backend/internal/db/database.go:53
[0m[33m[0.105ms] [34;1m[rows:1][0m SELECT CURRENT_DATABASE()

2025/09/24 14:13:45 [32m/Users/ny/Documents/robusta-web/backend/internal/db/database.go:53
[0m[33m[0.579ms] [34;1m[rows:-][0m SELECT c.column_name, c.is_nullable = 'YES', c.udt_name, c.character_maximum_length, c.numeric_precision, c.numeric_precision_radix, c.numeric_scale, c.datetime_precision, 8 * typlen, c.column_default, pd.description, c.identity_increment FROM information_schema.columns AS c JOIN pg_type AS pgt ON c.udt_name = pgt.typname LEFT JOIN pg_catalog.pg_description as pd ON pd.objsubid = c.ordinal_position AND pd.objoid = (SELECT oid FROM pg_catalog.pg_class WHERE relname = c.table_name AND relnamespace = (SELECT oid FROM pg_catalog.pg_namespace WHERE nspname = c.table_schema)) where table_catalog = 'robusta_hub' AND table_schema = CURRENT_SCHEMA() AND table_name = 'audit_logs'

2025/09/24 14:13:45 [32m/Users/ny/Documents/robusta-web/backend/internal/db/database.go:53
[0m[33m[0.291ms] [34;1m[rows:-][0m SELECT * FROM "audit_logs" LIMIT 5

2025/09/24 14:13:45 [32m/Users/ny/Documents/robusta-web/backend/internal/db/database.go:53
[0m[33m[0.405ms] [34;1m[rows:-][0m SELECT constraint_name FROM information_schema.table_constraints tc JOIN information_schema.constraint_column_usage AS ccu USING (constraint_schema, constraint_catalog, table_name, constraint_name) JOIN information_schema.columns AS c ON c.table_schema = tc.constraint_schema AND tc.table_name = c.table_name AND ccu.column_name = c.column_name WHERE constraint_type IN ('PRIMARY KEY', 'UNIQUE') AND c.table_catalog = 'robusta_hub' AND c.table_schema = CURRENT_SCHEMA() AND c.table_name = 'audit_logs' AND constraint_type = 'UNIQUE'

2025/09/24 14:13:45 [32m/Users/ny/Documents/robusta-web/backend/internal/db/database.go:53
[0m[33m[0.409ms] [34;1m[rows:-][0m SELECT c.column_name, constraint_name, constraint_type FROM information_schema.table_constraints tc JOIN information_schema.constraint_column_usage AS ccu USING (constraint_schema, constraint_catalog, table_name, constraint_name) JOIN information_schema.columns AS c ON c.table_schema = tc.constraint_schema AND tc.table_name = c.table_name AND ccu.column_name = c.column_name WHERE constraint_type IN ('PRIMARY KEY', 'UNIQUE') AND c.table_catalog = 'robusta_hub' AND c.table_schema = CURRENT_SCHEMA() AND c.table_name = 'audit_logs'

2025/09/24 14:13:45 [32m/Users/ny/Documents/robusta-web/backend/internal/db/database.go:53
[0m[33m[0.126ms] [34;1m[rows:-][0m SELECT a.attname as column_name, format_type(a.atttypid, a.atttypmod) AS data_type
		FROM pg_attribute a JOIN pg_class b ON a.attrelid = b.oid AND relnamespace = (SELECT oid FROM pg_catalog.pg_namespace WHERE nspname = CURRENT_SCHEMA())
		WHERE a.attnum > 0 -- hide internal columns
		AND NOT a.attisdropped -- hide deleted columns
		AND b.relname = 'audit_logs'

2025/09/24 14:13:45 [32m/Users/ny/Documents/robusta-web/backend/internal/db/database.go:53
[0m[33m[0.172ms] [34;1m[rows:0][0m SELECT description FROM pg_catalog.pg_description WHERE objsubid = (SELECT ordinal_position FROM information_schema.columns WHERE table_schema = CURRENT_SCHEMA() AND table_name = 'audit_logs' AND column_name = 'id') AND objoid = (SELECT oid FROM pg_catalog.pg_class WHERE relname = 'audit_logs' AND relnamespace = (SELECT oid FROM pg_catalog.pg_namespace WHERE nspname = CURRENT_SCHEMA()))

2025/09/24 14:13:45 [32m
[0m[33m[0.134ms] [34;1m[rows:1][0m SELECT CURRENT_DATABASE()

2025/09/24 14:13:45 [32m
[0m[33m[0.525ms] [34;1m[rows:-][0m SELECT c.column_name, c.is_nullable = 'YES', c.udt_name, c.character_maximum_length, c.numeric_precision, c.numeric_precision_radix, c.numeric_scale, c.datetime_precision, 8 * typlen, c.column_default, pd.description, c.identity_increment FROM information_schema.columns AS c JOIN pg_type AS pgt ON c.udt_name = pgt.typname LEFT JOIN pg_catalog.pg_description as pd ON pd.objsubid = c.ordinal_position AND pd.objoid = (SELECT oid FROM pg_catalog.pg_class WHERE relname = c.table_name AND relnamespace = (SELECT oid FROM pg_catalog.pg_namespace WHERE nspname = c.table_schema)) where table_catalog = 'robusta_hub' AND table_schema = CURRENT_SCHEMA() AND table_name = 'audit_logs'

2025/09/24 14:13:45 [32m
[0m[33m[0.143ms] [34;1m[rows:-][0m SELECT * FROM "audit_logs" LIMIT 5

2025/09/24 14:13:45 [32m
[0m[33m[0.398ms] [34;1m[rows:-][0m SELECT constraint_name FROM information_schema.table_constraints tc JOIN information_schema.constraint_column_usage AS ccu USING (constraint_schema, constraint_catalog, table_name, constraint_name) JOIN information_schema.columns AS c ON c.table_schema = tc.constraint_schema AND tc.table_name = c.table_name AND ccu.column_name = c.column_name WHERE constraint_type IN ('PRIMARY KEY', 'UNIQUE') AND c.table_catalog = 'robusta_hub' AND c.table_schema = CURRENT_SCHEMA() AND c.table_name = 'audit_logs' AND constraint_type = 'UNIQUE'

2025/09/24 14:13:45 [32m
[0m[33m[0.394ms] [34;1m[rows:-][0m SELECT c.column_name, constraint_name, constraint_type FROM information_schema.table_constraints tc JOIN information_schema.constraint_column_usage AS ccu USING (constraint_schema, constraint_catalog, table_name, constraint_name) JOIN information_schema.columns AS c ON c.table_schema = tc.constraint_schema AND tc.table_name = c.table_name AND ccu.column_name = c.column_name WHERE constraint_type IN ('PRIMARY KEY', 'UNIQUE') AND c.table_catalog = 'robusta_hub' AND c.table_schema = CURRENT_SCHEMA() AND c.table_name = 'audit_logs'

2025/09/24 14:13:45 [32m
[0m[33m[0.139ms] [34;1m[rows:-][0m SELECT a.attname as column_name, format_type(a.atttypid, a.atttypmod) AS data_type
		FROM pg_attribute a JOIN pg_class b ON a.attrelid = b.oid AND relnamespace = (SELECT oid FROM pg_catalog.pg_namespace WHERE nspname = CURRENT_SCHEMA())
		WHERE a.attnum > 0 -- hide internal columns
		AND NOT a.attisdropped -- hide deleted columns
		AND b.relname = 'audit_logs'

2025/09/24 14:13:45 [32m/Users/ny/Documents/robusta-web/backend/internal/db/database.go:53
[0m[33m[0.206ms] [34;1m[rows:0][0m SELECT description FROM pg_catalog.pg_description WHERE objsubid = (SELECT ordinal_position FROM information_schema.columns WHERE table_schema = CURRENT_SCHEMA() AND table_name = 'audit_logs' AND column_name = 'created_at') AND objoid = (SELECT oid FROM pg_catalog.pg_class WHERE relname = 'audit_logs' AND relnamespace = (SELECT oid FROM pg_catalog.pg_namespace WHERE nspname = CURRENT_SCHEMA()))

2025/09/24 14:13:45 [32m
[0m[33m[0.117ms] [34;1m[rows:1][0m SELECT CURRENT_DATABASE()

2025/09/24 14:13:45 [32m
[0m[33m[0.509ms] [34;1m[rows:-][0m SELECT c.column_name, c.is_nullable = 'YES', c.udt_name, c.character_maximum_length, c.numeric_precision, c.numeric_precision_radix, c.numeric_scale, c.datetime_precision, 8 * typlen, c.column_default, pd.description, c.identity_increment FROM information_schema.columns AS c JOIN pg_type AS pgt ON c.udt_name = pgt.typname LEFT JOIN pg_catalog.pg_description as pd ON pd.objsubid = c.ordinal_position AND pd.objoid = (SELECT oid FROM pg_catalog.pg_class WHERE relname = c.table_name AND relnamespace = (SELECT oid FROM pg_catalog.pg_namespace WHERE nspname = c.table_schema)) where table_catalog = 'robusta_hub' AND table_schema = CURRENT_SCHEMA() AND table_name = 'audit_logs'

2025/09/24 14:13:45 [32m
[0m[33m[0.138ms] [34;1m[rows:-][0m SELECT * FROM "audit_logs" LIMIT 5

2025/09/24 14:13:45 [32m
[0m[33m[0.390ms] [34;1m[rows:-][0m SELECT constraint_name FROM information_schema.table_constraints tc JOIN information_schema.constraint_column_usage AS ccu USING (constraint_schema, constraint_catalog, table_name, constraint_name) JOIN information_schema.columns AS c ON c.table_schema = tc.constraint_schema AND tc.table_name = c.table_name AND ccu.column_name = c.column_name WHERE constraint_type IN ('PRIMARY KEY', 'UNIQUE') AND c.table_catalog = 'robusta_hub' AND c.table_schema = CURRENT_SCHEMA() AND c.table_name = 'audit_logs' AND constraint_type = 'UNIQUE'

2025/09/24 14:13:45 [32m
[0m[33m[0.377ms] [34;1m[rows:-][0m SELECT c.column_name, constraint_name, constraint_type FROM information_schema.table_constraints tc JOIN information_schema.constraint_column_usage AS ccu USING (constraint_schema, constraint_catalog, table_name, constraint_name) JOIN information_schema.columns AS c ON c.table_schema = tc.constraint_schema AND tc.table_name = c.table_name AND ccu.column_name = c.column_name WHERE constraint_type IN ('PRIMARY KEY', 'UNIQUE') AND c.table_catalog = 'robusta_hub' AND c.table_schema = CURRENT_SCHEMA() AND c.table_name = 'audit_logs'

2025/09/24 14:13:45 [32m
[0m[33m[0.147ms] [34;1m[rows:-][0m SELECT a.attname as column_name, format_type(a.atttypid, a.atttypmod) AS data_type
		FROM pg_attribute a JOIN pg_class b ON a.attrelid = b.oid AND relnamespace = (SELECT oid FROM pg_catalog.pg_namespace WHERE nspname = CURRENT_SCHEMA())
		WHERE a.attnum > 0 -- hide internal columns
		AND NOT a.attisdropped -- hide deleted columns
		AND b.relname = 'audit_logs'

2025/09/24 14:13:45 [32m/Users/ny/Documents/robusta-web/backend/internal/db/database.go:53
[0m[33m[0.184ms] [34;1m[rows:0][0m SELECT description FROM pg_catalog.pg_description WHERE objsubid = (SELECT ordinal_position FROM information_schema.columns WHERE table_schema = CURRENT_SCHEMA() AND table_name = 'audit_logs' AND column_name = 'updated_at') AND objoid = (SELECT oid FROM pg_catalog.pg_class WHERE relname = 'audit_logs' AND relnamespace = (SELECT oid FROM pg_catalog.pg_namespace WHERE nspname = CURRENT_SCHEMA()))

2025/09/24 14:13:45 [32m/Users/ny/Documents/robusta-web/backend/internal/db/database.go:53
[0m[33m[0.179ms] [34;1m[rows:0][0m SELECT description FROM pg_catalog.pg_description WHERE objsubid = (SELECT ordinal_position FROM information_schema.columns WHERE table_schema = CURRENT_SCHEMA() AND table_name = 'audit_logs' AND column_name = 'deleted_at') AND objoid = (SELECT oid FROM pg_catalog.pg_class WHERE relname = 'audit_logs' AND relnamespace = (SELECT oid FROM pg_catalog.pg_namespace WHERE nspname = CURRENT_SCHEMA()))

2025/09/24 14:13:45 [32m/Users/ny/Documents/robusta-web/backend/internal/db/database.go:53
[0m[33m[0.179ms] [34;1m[rows:0][0m SELECT description FROM pg_catalog.pg_description WHERE objsubid = (SELECT ordinal_position FROM information_schema.columns WHERE table_schema = CURRENT_SCHEMA() AND table_name = 'audit_logs' AND column_name = 'user_id') AND objoid = (SELECT oid FROM pg_catalog.pg_class WHERE relname = 'audit_logs' AND relnamespace = (SELECT oid FROM pg_catalog.pg_namespace WHERE nspname = CURRENT_SCHEMA()))

2025/09/24 14:13:45 [32m/Users/ny/Documents/robusta-web/backend/internal/db/database.go:53
[0m[33m[0.174ms] [34;1m[rows:0][0m SELECT description FROM pg_catalog.pg_description WHERE objsubid = (SELECT ordinal_position FROM information_schema.columns WHERE table_schema = CURRENT_SCHEMA() AND table_name = 'audit_logs' AND column_name = 'action') AND objoid = (SELECT oid FROM pg_catalog.pg_class WHERE relname = 'audit_logs' AND relnamespace = (SELECT oid FROM pg_catalog.pg_namespace WHERE nspname = CURRENT_SCHEMA()))

2025/09/24 14:13:45 [32m/Users/ny/Documents/robusta-web/backend/internal/db/database.go:53
[0m[33m[0.191ms] [34;1m[rows:0][0m SELECT description FROM pg_catalog.pg_description WHERE objsubid = (SELECT ordinal_position FROM information_schema.columns WHERE table_schema = CURRENT_SCHEMA() AND table_name = 'audit_logs' AND column_name = 'resource_type') AND objoid = (SELECT oid FROM pg_catalog.pg_class WHERE relname = 'audit_logs' AND relnamespace = (SELECT oid FROM pg_catalog.pg_namespace WHERE nspname = CURRENT_SCHEMA()))

2025/09/24 14:13:45 [32m/Users/ny/Documents/robusta-web/backend/internal/db/database.go:53
[0m[33m[0.183ms] [34;1m[rows:0][0m SELECT description FROM pg_catalog.pg_description WHERE objsubid = (SELECT ordinal_position FROM information_schema.columns WHERE table_schema = CURRENT_SCHEMA() AND table_name = 'audit_logs' AND column_name = 'resource_id') AND objoid = (SELECT oid FROM pg_catalog.pg_class WHERE relname = 'audit_logs' AND relnamespace = (SELECT oid FROM pg_catalog.pg_namespace WHERE nspname = CURRENT_SCHEMA()))

2025/09/24 14:13:45 [32m/Users/ny/Documents/robusta-web/backend/internal/db/database.go:53
[0m[33m[0.188ms] [34;1m[rows:0][0m SELECT description FROM pg_catalog.pg_description WHERE objsubid = (SELECT ordinal_position FROM information_schema.columns WHERE table_schema = CURRENT_SCHEMA() AND table_name = 'audit_logs' AND column_name = 'details') AND objoid = (SELECT oid FROM pg_catalog.pg_class WHERE relname = 'audit_logs' AND relnamespace = (SELECT oid FROM pg_catalog.pg_namespace WHERE nspname = CURRENT_SCHEMA()))

2025/09/24 14:13:45 [32m/Users/ny/Documents/robusta-web/backend/internal/db/database.go:53
[0m[33m[0.168ms] [34;1m[rows:0][0m SELECT description FROM pg_catalog.pg_description WHERE objsubid = (SELECT ordinal_position FROM information_schema.columns WHERE table_schema = CURRENT_SCHEMA() AND table_name = 'audit_logs' AND column_name = 'ip_address') AND objoid = (SELECT oid FROM pg_catalog.pg_class WHERE relname = 'audit_logs' AND relnamespace = (SELECT oid FROM pg_catalog.pg_namespace WHERE nspname = CURRENT_SCHEMA()))

2025/09/24 14:13:45 [32m/Users/ny/Documents/robusta-web/backend/internal/db/database.go:53
[0m[33m[0.222ms] [34;1m[rows:0][0m SELECT description FROM pg_catalog.pg_description WHERE objsubid = (SELECT ordinal_position FROM information_schema.columns WHERE table_schema = CURRENT_SCHEMA() AND table_name = 'audit_logs' AND column_name = 'user_agent') AND objoid = (SELECT oid FROM pg_catalog.pg_class WHERE relname = 'audit_logs' AND relnamespace = (SELECT oid FROM pg_catalog.pg_namespace WHERE nspname = CURRENT_SCHEMA()))

2025/09/24 14:13:45 [32m/Users/ny/Documents/robusta-web/backend/internal/db/database.go:53
[0m[33m[0.357ms] [34;1m[rows:1][0m SELECT count(*) FROM pg_indexes WHERE tablename = 'audit_logs' AND indexname = 'idx_audit_logs_deleted_at' AND schemaname = CURRENT_SCHEMA()

2025/09/24 14:13:45 [32m/Users/ny/Documents/robusta-web/backend/internal/db/database.go:53
[0m[33m[0.298ms] [34;1m[rows:1][0m SELECT count(*) FROM information_schema.tables WHERE table_schema = CURRENT_SCHEMA() AND table_name = 'users' AND table_type = 'BASE TABLE'

2025/09/24 14:13:45 [32m/Users/ny/Documents/robusta-web/backend/internal/db/database.go:53
[0m[33m[0.110ms] [34;1m[rows:1][0m SELECT CURRENT_DATABASE()

2025/09/24 14:13:45 [32m/Users/ny/Documents/robusta-web/backend/internal/db/database.go:53
[0m[33m[0.619ms] [34;1m[rows:-][0m SELECT c.column_name, c.is_nullable = 'YES', c.udt_name, c.character_maximum_length, c.numeric_precision, c.numeric_precision_radix, c.numeric_scale, c.datetime_precision, 8 * typlen, c.column_default, pd.description, c.identity_increment FROM information_schema.columns AS c JOIN pg_type AS pgt ON c.udt_name = pgt.typname LEFT JOIN pg_catalog.pg_description as pd ON pd.objsubid = c.ordinal_position AND pd.objoid = (SELECT oid FROM pg_catalog.pg_class WHERE relname = c.table_name AND relnamespace = (SELECT oid FROM pg_catalog.pg_namespace WHERE nspname = c.table_schema)) where table_catalog = 'robusta_hub' AND table_schema = CURRENT_SCHEMA() AND table_name = 'users'

2025/09/24 14:13:45 [32m/Users/ny/Documents/robusta-web/backend/internal/db/database.go:53
[0m[33m[0.395ms] [34;1m[rows:-][0m SELECT * FROM "users" LIMIT 5

2025/09/24 14:13:45 [32m/Users/ny/Documents/robusta-web/backend/internal/db/database.go:53
[0m[33m[0.517ms] [34;1m[rows:-][0m SELECT constraint_name FROM information_schema.table_constraints tc JOIN information_schema.constraint_column_usage AS ccu USING (constraint_schema, constraint_catalog, table_name, constraint_name) JOIN information_schema.columns AS c ON c.table_schema = tc.constraint_schema AND tc.table_name = c.table_name AND ccu.column_name = c.column_name WHERE constraint_type IN ('PRIMARY KEY', 'UNIQUE') AND c.table_catalog = 'robusta_hub' AND c.table_schema = CURRENT_SCHEMA() AND c.table_name = 'users' AND constraint_type = 'UNIQUE'

2025/09/24 14:13:45 [32m/Users/ny/Documents/robusta-web/backend/internal/db/database.go:53
[0m[33m[0.487ms] [34;1m[rows:-][0m SELECT c.column_name, constraint_name, constraint_type FROM information_schema.table_constraints tc JOIN information_schema.constraint_column_usage AS ccu USING (constraint_schema, constraint_catalog, table_name, constraint_name) JOIN information_schema.columns AS c ON c.table_schema = tc.constraint_schema AND tc.table_name = c.table_name AND ccu.column_name = c.column_name WHERE constraint_type IN ('PRIMARY KEY', 'UNIQUE') AND c.table_catalog = 'robusta_hub' AND c.table_schema = CURRENT_SCHEMA() AND c.table_name = 'users'

2025/09/24 14:13:45 [32m/Users/ny/Documents/robusta-web/backend/internal/db/database.go:53
[0m[33m[0.129ms] [34;1m[rows:-][0m SELECT a.attname as column_name, format_type(a.atttypid, a.atttypmod) AS data_type
		FROM pg_attribute a JOIN pg_class b ON a.attrelid = b.oid AND relnamespace = (SELECT oid FROM pg_catalog.pg_namespace WHERE nspname = CURRENT_SCHEMA())
		WHERE a.attnum > 0 -- hide internal columns
		AND NOT a.attisdropped -- hide deleted columns
		AND b.relname = 'users'

2025/09/24 14:13:45 [32m/Users/ny/Documents/robusta-web/backend/internal/db/database.go:53
[0m[33m[0.185ms] [34;1m[rows:0][0m SELECT description FROM pg_catalog.pg_description WHERE objsubid = (SELECT ordinal_position FROM information_schema.columns WHERE table_schema = CURRENT_SCHEMA() AND table_name = 'users' AND column_name = 'id') AND objoid = (SELECT oid FROM pg_catalog.pg_class WHERE relname = 'users' AND relnamespace = (SELECT oid FROM pg_catalog.pg_namespace WHERE nspname = CURRENT_SCHEMA()))

2025/09/24 14:13:45 [32m/Users/ny/Documents/robusta-web/backend/internal/db/database.go:53
[0m[33m[0.174ms] [34;1m[rows:0][0m SELECT description FROM pg_catalog.pg_description WHERE objsubid = (SELECT ordinal_position FROM information_schema.columns WHERE table_schema = CURRENT_SCHEMA() AND table_name = 'users' AND column_name = 'created_at') AND objoid = (SELECT oid FROM pg_catalog.pg_class WHERE relname = 'users' AND relnamespace = (SELECT oid FROM pg_catalog.pg_namespace WHERE nspname = CURRENT_SCHEMA()))

2025/09/24 14:13:45 [32m/Users/ny/Documents/robusta-web/backend/internal/db/database.go:53
[0m[33m[0.188ms] [34;1m[rows:0][0m SELECT description FROM pg_catalog.pg_description WHERE objsubid = (SELECT ordinal_position FROM information_schema.columns WHERE table_schema = CURRENT_SCHEMA() AND table_name = 'users' AND column_name = 'updated_at') AND objoid = (SELECT oid FROM pg_catalog.pg_class WHERE relname = 'users' AND relnamespace = (SELECT oid FROM pg_catalog.pg_namespace WHERE nspname = CURRENT_SCHEMA()))

2025/09/24 14:13:45 [32m/Users/ny/Documents/robusta-web/backend/internal/db/database.go:53
[0m[33m[0.189ms] [34;1m[rows:0][0m SELECT description FROM pg_catalog.pg_description WHERE objsubid = (SELECT ordinal_position FROM information_schema.columns WHERE table_schema = CURRENT_SCHEMA() AND table_name = 'users' AND column_name = 'deleted_at') AND objoid = (SELECT oid FROM pg_catalog.pg_class WHERE relname = 'users' AND relnamespace = (SELECT oid FROM pg_catalog.pg_namespace WHERE nspname = CURRENT_SCHEMA()))

2025/09/24 14:13:45 [32m/Users/ny/Documents/robusta-web/backend/internal/db/database.go:53
[0m[33m[0.177ms] [34;1m[rows:0][0m SELECT description FROM pg_catalog.pg_description WHERE objsubid = (SELECT ordinal_position FROM information_schema.columns WHERE table_schema = CURRENT_SCHEMA() AND table_name = 'users' AND column_name = 'username') AND objoid = (SELECT oid FROM pg_catalog.pg_class WHERE relname = 'users' AND relnamespace = (SELECT oid FROM pg_catalog.pg_namespace WHERE nspname = CURRENT_SCHEMA()))

2025/09/24 14:13:45 [32m/Users/ny/Documents/robusta-web/backend/internal/db/database.go:53
[0m[33m[0.203ms] [34;1m[rows:0][0m SELECT description FROM pg_catalog.pg_description WHERE objsubid = (SELECT ordinal_position FROM information_schema.columns WHERE table_schema = CURRENT_SCHEMA() AND table_name = 'users' AND column_name = 'email') AND objoid = (SELECT oid FROM pg_catalog.pg_class WHERE relname = 'users' AND relnamespace = (SELECT oid FROM pg_catalog.pg_namespace WHERE nspname = CURRENT_SCHEMA()))

2025/09/24 14:13:45 [32m/Users/ny/Documents/robusta-web/backend/internal/db/database.go:53
[0m[33m[0.226ms] [34;1m[rows:0][0m SELECT description FROM pg_catalog.pg_description WHERE objsubid = (SELECT ordinal_position FROM information_schema.columns WHERE table_schema = CURRENT_SCHEMA() AND table_name = 'users' AND column_name = 'name') AND objoid = (SELECT oid FROM pg_catalog.pg_class WHERE relname = 'users' AND relnamespace = (SELECT oid FROM pg_catalog.pg_namespace WHERE nspname = CURRENT_SCHEMA()))

2025/09/24 14:13:45 [32m/Users/ny/Documents/robusta-web/backend/internal/db/database.go:53
[0m[33m[0.234ms] [34;1m[rows:0][0m SELECT description FROM pg_catalog.pg_description WHERE objsubid = (SELECT ordinal_position FROM information_schema.columns WHERE table_schema = CURRENT_SCHEMA() AND table_name = 'users' AND column_name = 'picture') AND objoid = (SELECT oid FROM pg_catalog.pg_class WHERE relname = 'users' AND relnamespace = (SELECT oid FROM pg_catalog.pg_namespace WHERE nspname = CURRENT_SCHEMA()))

2025/09/24 14:13:45 [32m/Users/ny/Documents/robusta-web/backend/internal/db/database.go:53
[0m[33m[0.188ms] [34;1m[rows:0][0m SELECT description FROM pg_catalog.pg_description WHERE objsubid = (SELECT ordinal_position FROM information_schema.columns WHERE table_schema = CURRENT_SCHEMA() AND table_name = 'users' AND column_name = 'roles') AND objoid = (SELECT oid FROM pg_catalog.pg_class WHERE relname = 'users' AND relnamespace = (SELECT oid FROM pg_catalog.pg_namespace WHERE nspname = CURRENT_SCHEMA()))

2025/09/24 14:13:45 [32m/Users/ny/Documents/robusta-web/backend/internal/db/database.go:53
[0m[33m[0.180ms] [34;1m[rows:0][0m SELECT description FROM pg_catalog.pg_description WHERE objsubid = (SELECT ordinal_position FROM information_schema.columns WHERE table_schema = CURRENT_SCHEMA() AND table_name = 'users' AND column_name = 'email_verified') AND objoid = (SELECT oid FROM pg_catalog.pg_class WHERE relname = 'users' AND relnamespace = (SELECT oid FROM pg_catalog.pg_namespace WHERE nspname = CURRENT_SCHEMA()))

2025/09/24 14:13:45 [32m/Users/ny/Documents/robusta-web/backend/internal/db/database.go:53
[0m[33m[0.176ms] [34;1m[rows:0][0m SELECT description FROM pg_catalog.pg_description WHERE objsubid = (SELECT ordinal_position FROM information_schema.columns WHERE table_schema = CURRENT_SCHEMA() AND table_name = 'users' AND column_name = 'provider') AND objoid = (SELECT oid FROM pg_catalog.pg_class WHERE relname = 'users' AND relnamespace = (SELECT oid FROM pg_catalog.pg_namespace WHERE nspname = CURRENT_SCHEMA()))

2025/09/24 14:13:45 [32m/Users/ny/Documents/robusta-web/backend/internal/db/database.go:53
[0m[33m[0.179ms] [34;1m[rows:0][0m SELECT description FROM pg_catalog.pg_description WHERE objsubid = (SELECT ordinal_position FROM information_schema.columns WHERE table_schema = CURRENT_SCHEMA() AND table_name = 'users' AND column_name = 'provider_id') AND objoid = (SELECT oid FROM pg_catalog.pg_class WHERE relname = 'users' AND relnamespace = (SELECT oid FROM pg_catalog.pg_namespace WHERE nspname = CURRENT_SCHEMA()))

2025/09/24 14:13:45 [32m/Users/ny/Documents/robusta-web/backend/internal/db/database.go:53
[0m[33m[0.168ms] [34;1m[rows:0][0m SELECT description FROM pg_catalog.pg_description WHERE objsubid = (SELECT ordinal_position FROM information_schema.columns WHERE table_schema = CURRENT_SCHEMA() AND table_name = 'users' AND column_name = 'last_login_at') AND objoid = (SELECT oid FROM pg_catalog.pg_class WHERE relname = 'users' AND relnamespace = (SELECT oid FROM pg_catalog.pg_namespace WHERE nspname = CURRENT_SCHEMA()))

2025/09/24 14:13:45 [32m/Users/ny/Documents/robusta-web/backend/internal/db/database.go:53
[0m[33m[0.375ms] [34;1m[rows:1][0m SELECT count(*) FROM pg_indexes WHERE tablename = 'users' AND indexname = 'idx_users_deleted_at' AND schemaname = CURRENT_SCHEMA()

2025/09/24 14:13:45 [32m/Users/ny/Documents/robusta-web/backend/internal/db/database.go:53
[0m[33m[0.356ms] [34;1m[rows:1][0m SELECT count(*) FROM pg_indexes WHERE tablename = 'users' AND indexname = 'idx_users_username' AND schemaname = CURRENT_SCHEMA()

2025/09/24 14:13:45 [32m/Users/ny/Documents/robusta-web/backend/internal/db/database.go:53
[0m[33m[0.177ms] [34;1m[rows:1][0m SELECT count(*) FROM pg_indexes WHERE tablename = 'users' AND indexname = 'idx_users_email' AND schemaname = CURRENT_SCHEMA()

2025/09/24 14:13:45 [32m/Users/ny/Documents/robusta-web/backend/internal/db/database.go:53
[0m[33m[0.291ms] [34;1m[rows:1][0m SELECT count(*) FROM information_schema.tables WHERE table_schema = CURRENT_SCHEMA() AND table_name = 'refresh_tokens' AND table_type = 'BASE TABLE'

2025/09/24 14:13:45 [32m/Users/ny/Documents/robusta-web/backend/internal/db/database.go:53
[0m[33m[0.111ms] [34;1m[rows:1][0m SELECT CURRENT_DATABASE()

2025/09/24 14:13:45 [32m/Users/ny/Documents/robusta-web/backend/internal/db/database.go:53
[0m[33m[0.550ms] [34;1m[rows:-][0m SELECT c.column_name, c.is_nullable = 'YES', c.udt_name, c.character_maximum_length, c.numeric_precision, c.numeric_precision_radix, c.numeric_scale, c.datetime_precision, 8 * typlen, c.column_default, pd.description, c.identity_increment FROM information_schema.columns AS c JOIN pg_type AS pgt ON c.udt_name = pgt.typname LEFT JOIN pg_catalog.pg_description as pd ON pd.objsubid = c.ordinal_position AND pd.objoid = (SELECT oid FROM pg_catalog.pg_class WHERE relname = c.table_name AND relnamespace = (SELECT oid FROM pg_catalog.pg_namespace WHERE nspname = c.table_schema)) where table_catalog = 'robusta_hub' AND table_schema = CURRENT_SCHEMA() AND table_name = 'refresh_tokens'

2025/09/24 14:13:45 [32m/Users/ny/Documents/robusta-web/backend/internal/db/database.go:53
[0m[33m[0.267ms] [34;1m[rows:-][0m SELECT * FROM "refresh_tokens" LIMIT 5

2025/09/24 14:13:45 [32m/Users/ny/Documents/robusta-web/backend/internal/db/database.go:53
[0m[33m[0.361ms] [34;1m[rows:-][0m SELECT constraint_name FROM information_schema.table_constraints tc JOIN information_schema.constraint_column_usage AS ccu USING (constraint_schema, constraint_catalog, table_name, constraint_name) JOIN information_schema.columns AS c ON c.table_schema = tc.constraint_schema AND tc.table_name = c.table_name AND ccu.column_name = c.column_name WHERE constraint_type IN ('PRIMARY KEY', 'UNIQUE') AND c.table_catalog = 'robusta_hub' AND c.table_schema = CURRENT_SCHEMA() AND c.table_name = 'refresh_tokens' AND constraint_type = 'UNIQUE'

2025/09/24 14:13:45 [32m/Users/ny/Documents/robusta-web/backend/internal/db/database.go:53
[0m[33m[0.362ms] [34;1m[rows:-][0m SELECT c.column_name, constraint_name, constraint_type FROM information_schema.table_constraints tc JOIN information_schema.constraint_column_usage AS ccu USING (constraint_schema, constraint_catalog, table_name, constraint_name) JOIN information_schema.columns AS c ON c.table_schema = tc.constraint_schema AND tc.table_name = c.table_name AND ccu.column_name = c.column_name WHERE constraint_type IN ('PRIMARY KEY', 'UNIQUE') AND c.table_catalog = 'robusta_hub' AND c.table_schema = CURRENT_SCHEMA() AND c.table_name = 'refresh_tokens'

2025/09/24 14:13:45 [32m/Users/ny/Documents/robusta-web/backend/internal/db/database.go:53
[0m[33m[0.140ms] [34;1m[rows:-][0m SELECT a.attname as column_name, format_type(a.atttypid, a.atttypmod) AS data_type
		FROM pg_attribute a JOIN pg_class b ON a.attrelid = b.oid AND relnamespace = (SELECT oid FROM pg_catalog.pg_namespace WHERE nspname = CURRENT_SCHEMA())
		WHERE a.attnum > 0 -- hide internal columns
		AND NOT a.attisdropped -- hide deleted columns
		AND b.relname = 'refresh_tokens'

2025/09/24 14:13:45 [32m/Users/ny/Documents/robusta-web/backend/internal/db/database.go:53
[0m[33m[0.209ms] [34;1m[rows:0][0m SELECT description FROM pg_catalog.pg_description WHERE objsubid = (SELECT ordinal_position FROM information_schema.columns WHERE table_schema = CURRENT_SCHEMA() AND table_name = 'refresh_tokens' AND column_name = 'id') AND objoid = (SELECT oid FROM pg_catalog.pg_class WHERE relname = 'refresh_tokens' AND relnamespace = (SELECT oid FROM pg_catalog.pg_namespace WHERE nspname = CURRENT_SCHEMA()))

2025/09/24 14:13:45 [32m/Users/ny/Documents/robusta-web/backend/internal/db/database.go:53
[0m[33m[0.204ms] [34;1m[rows:0][0m SELECT description FROM pg_catalog.pg_description WHERE objsubid = (SELECT ordinal_position FROM information_schema.columns WHERE table_schema = CURRENT_SCHEMA() AND table_name = 'refresh_tokens' AND column_name = 'created_at') AND objoid = (SELECT oid FROM pg_catalog.pg_class WHERE relname = 'refresh_tokens' AND relnamespace = (SELECT oid FROM pg_catalog.pg_namespace WHERE nspname = CURRENT_SCHEMA()))

2025/09/24 14:13:45 [32m/Users/ny/Documents/robusta-web/backend/internal/db/database.go:53
[0m[33m[0.192ms] [34;1m[rows:0][0m SELECT description FROM pg_catalog.pg_description WHERE objsubid = (SELECT ordinal_position FROM information_schema.columns WHERE table_schema = CURRENT_SCHEMA() AND table_name = 'refresh_tokens' AND column_name = 'updated_at') AND objoid = (SELECT oid FROM pg_catalog.pg_class WHERE relname = 'refresh_tokens' AND relnamespace = (SELECT oid FROM pg_catalog.pg_namespace WHERE nspname = CURRENT_SCHEMA()))

2025/09/24 14:13:45 [32m/Users/ny/Documents/robusta-web/backend/internal/db/database.go:53
[0m[33m[0.197ms] [34;1m[rows:0][0m SELECT description FROM pg_catalog.pg_description WHERE objsubid = (SELECT ordinal_position FROM information_schema.columns WHERE table_schema = CURRENT_SCHEMA() AND table_name = 'refresh_tokens' AND column_name = 'deleted_at') AND objoid = (SELECT oid FROM pg_catalog.pg_class WHERE relname = 'refresh_tokens' AND relnamespace = (SELECT oid FROM pg_catalog.pg_namespace WHERE nspname = CURRENT_SCHEMA()))

2025/09/24 14:13:45 [32m/Users/ny/Documents/robusta-web/backend/internal/db/database.go:53
[0m[33m[0.212ms] [34;1m[rows:0][0m SELECT description FROM pg_catalog.pg_description WHERE objsubid = (SELECT ordinal_position FROM information_schema.columns WHERE table_schema = CURRENT_SCHEMA() AND table_name = 'refresh_tokens' AND column_name = 'user_id') AND objoid = (SELECT oid FROM pg_catalog.pg_class WHERE relname = 'refresh_tokens' AND relnamespace = (SELECT oid FROM pg_catalog.pg_namespace WHERE nspname = CURRENT_SCHEMA()))

2025/09/24 14:13:45 [32m/Users/ny/Documents/robusta-web/backend/internal/db/database.go:53
[0m[33m[0.202ms] [34;1m[rows:0][0m SELECT description FROM pg_catalog.pg_description WHERE objsubid = (SELECT ordinal_position FROM information_schema.columns WHERE table_schema = CURRENT_SCHEMA() AND table_name = 'refresh_tokens' AND column_name = 'token') AND objoid = (SELECT oid FROM pg_catalog.pg_class WHERE relname = 'refresh_tokens' AND relnamespace = (SELECT oid FROM pg_catalog.pg_namespace WHERE nspname = CURRENT_SCHEMA()))

2025/09/24 14:13:45 [32m/Users/ny/Documents/robusta-web/backend/internal/db/database.go:53
[0m[33m[0.183ms] [34;1m[rows:0][0m SELECT description FROM pg_catalog.pg_description WHERE objsubid = (SELECT ordinal_position FROM information_schema.columns WHERE table_schema = CURRENT_SCHEMA() AND table_name = 'refresh_tokens' AND column_name = 'expires_at') AND objoid = (SELECT oid FROM pg_catalog.pg_class WHERE relname = 'refresh_tokens' AND relnamespace = (SELECT oid FROM pg_catalog.pg_namespace WHERE nspname = CURRENT_SCHEMA()))

2025/09/24 14:13:45 [32m/Users/ny/Documents/robusta-web/backend/internal/db/database.go:53
[0m[33m[0.144ms] [34;1m[rows:1][0m SELECT count(*) FROM pg_indexes WHERE tablename = 'refresh_tokens' AND indexname = 'idx_refresh_tokens_deleted_at' AND schemaname = CURRENT_SCHEMA()

2025/09/24 14:13:45 [32m/Users/ny/Documents/robusta-web/backend/internal/db/database.go:53
[0m[33m[0.142ms] [34;1m[rows:1][0m SELECT count(*) FROM pg_indexes WHERE tablename = 'refresh_tokens' AND indexname = 'idx_refresh_tokens_token' AND schemaname = CURRENT_SCHEMA()
2025/09/24 14:13:45 数据库表结构迁移完成，正在手动创建外键...

2025/09/24 14:13:45 [32m/Users/ny/Documents/robusta-web/backend/internal/db/database.go:68
[0m[33m[0.805ms] [34;1m[rows:1][0m SELECT count(*) FROM INFORMATION_SCHEMA.table_constraints WHERE table_schema = CURRENT_SCHEMA() AND table_name = 'alerts' AND constraint_name = 'fk_alerts_cluster'

2025/09/24 14:13:45 [32m/Users/ny/Documents/robusta-web/backend/internal/db/database.go:83
[0m[33m[0.593ms] [34;1m[rows:1][0m SELECT count(*) FROM INFORMATION_SCHEMA.table_constraints WHERE table_schema = CURRENT_SCHEMA() AND table_name = 'rca_runs' AND constraint_name = 'fk_rca_runs_alert'

2025/09/24 14:13:45 [32m/Users/ny/Documents/robusta-web/backend/internal/db/database.go:98
[0m[33m[0.603ms] [34;1m[rows:1][0m SELECT count(*) FROM INFORMATION_SCHEMA.table_constraints WHERE table_schema = CURRENT_SCHEMA() AND table_name = 'refresh_tokens' AND constraint_name = 'fk_refresh_tokens_user'
2025/09/24 14:13:45 手动创建外键完成

2025/09/24 14:13:45 [32m/Users/ny/Documents/robusta-web/backend/internal/db/database.go:128
[0m[33m[0.284ms] [34;1m[rows:0][0m 
		CREATE UNIQUE INDEX IF NOT EXISTS idx_alerts_fingerprint_cluster 
		ON alerts(fingerprint, cluster_id)
	

2025/09/24 14:13:45 [32m/Users/ny/Documents/robusta-web/backend/internal/db/database.go:136
[0m[33m[0.200ms] [34;1m[rows:0][0m 
		CREATE INDEX IF NOT EXISTS idx_alerts_cluster_severity 
		ON alerts(cluster_id, severity)
	

2025/09/24 14:13:45 [32m/Users/ny/Documents/robusta-web/backend/internal/db/database.go:143
[0m[33m[0.265ms] [34;1m[rows:0][0m 
		CREATE INDEX IF NOT EXISTS idx_alerts_status_created 
		ON alerts(status, created_at DESC)
	

2025/09/24 14:13:45 [32m/Users/ny/Documents/robusta-web/backend/internal/db/database.go:151
[0m[33m[0.271ms] [34;1m[rows:0][0m 
		CREATE INDEX IF NOT EXISTS idx_rca_runs_alert_status 
		ON rca_runs(alert_id, status)
	

2025/09/24 14:13:45 [32m/Users/ny/Documents/robusta-web/backend/internal/db/database.go:159
[0m[33m[0.203ms] [34;1m[rows:0][0m 
		CREATE INDEX IF NOT EXISTS idx_audit_logs_user_action 
		ON audit_logs(user_id, action, created_at DESC)
	
2025/09/24 14:13:45 数据库索引创建完成
[GIN-debug] [WARNING] Creating an Engine instance with the Logger and Recovery middleware already attached.

[GIN-debug] [WARNING] Running in "debug" mode. Switch to "release" mode in production.
 - using env:	export GIN_MODE=release
 - using code:	gin.SetMode(gin.ReleaseMode)

[GIN-debug] GET    /health                   --> robusta-web/backend/internal/api.(*HealthHandler).HealthCheck-fm (7 handlers)
[GIN-debug] GET    /ready                    --> robusta-web/backend/internal/api.(*HealthHandler).ReadinessCheck-fm (7 handlers)
[GIN-debug] GET    /auth/url                 --> robusta-web/backend/internal/api.(*AuthHandler).GetAuthURL-fm (7 handlers)
[GIN-debug] POST   /auth/callback            --> robusta-web/backend/internal/api.(*AuthHandler).HandleCallback-fm (7 handlers)
[GIN-debug] POST   /auth/refresh             --> robusta-web/backend/internal/api.(*AuthHandler).RefreshToken-fm (7 handlers)
[GIN-debug] POST   /auth/logout              --> robusta-web/backend/internal/api.(*AuthHandler).Logout-fm (7 handlers)
[GIN-debug] POST   /api/v1/ingest/robusta-webhook --> robusta-web/backend/internal/api.(*IngestHandler).IngestRobustaFinding-fm (8 handlers)
[GIN-debug] POST   /api/v1/ingest/alert      --> robusta-web/backend/internal/api.(*IngestHandler).IngestAlert-fm (9 handlers)
[GIN-debug] POST   /api/v1/ingest/rca        --> robusta-web/backend/internal/api.(*IngestHandler).IngestRCA-fm (9 handlers)
[GIN-debug] POST   /api/v1/clusters/heartbeat --> robusta-web/backend/internal/api.(*IngestHandler).ClusterHeartbeat-fm (8 handlers)
[GIN-debug] GET    /api/v1/clusters/summary  --> robusta-web/backend/internal/api.(*QueryHandler).GetClustersSummary-fm (8 handlers)
[GIN-debug] GET    /api/v1/clusters          --> robusta-web/backend/internal/api.(*QueryHandler).GetClusters-fm (8 handlers)
[GIN-debug] GET    /api/v1/clusters/:id      --> robusta-web/backend/internal/api.(*QueryHandler).GetCluster-fm (8 handlers)
[GIN-debug] GET    /api/v1/alerts            --> robusta-web/backend/internal/api.(*QueryHandler).GetAlerts-fm (8 handlers)
[GIN-debug] GET    /api/v1/alerts/:id        --> robusta-web/backend/internal/api.(*QueryHandler).GetAlert-fm (8 handlers)
[GIN-debug] GET    /api/v1/rca/:alert_id     --> robusta-web/backend/internal/api.(*QueryHandler).GetRCAByAlertID-fm (8 handlers)
[GIN-debug] POST   /api/v1/rca/:alert_id/trigger --> robusta-web/backend/internal/api.(*QueryHandler).TriggerRCA-fm (8 handlers)
[GIN-debug] POST   /api/v1/rca/trigger       --> robusta-web/backend/internal/api.(*RCAHandler).TriggerRCA-fm (8 handlers)
[GIN-debug] GET    /api/v1/rca/runs          --> robusta-web/backend/internal/api.(*RCAHandler).ListRCARuns-fm (8 handlers)
[GIN-debug] GET    /api/v1/rca/runs/:run_id  --> robusta-web/backend/internal/api.(*RCAHandler).GetRCARunStatus-fm (8 handlers)
[GIN-debug] GET    /api/v1/rca/stats         --> robusta-web/backend/internal/api.(*RCAHandler).GetRCAStats-fm (8 handlers)
[GIN-debug] GET    /api/v1/events/stream     --> robusta-web/backend/internal/api.(*QueryHandler).EventStream-fm (8 handlers)
[GIN-debug] GET    /api/v1/profile           --> robusta-web/backend/internal/api.(*AuthHandler).GetProfile-fm (8 handlers)
[GIN-debug] PUT    /api/v1/profile           --> robusta-web/backend/internal/api.(*AuthHandler).UpdateProfile-fm (8 handlers)
[GIN-debug] POST   /api/v1/profile/change-password --> robusta-web/backend/internal/api.(*AuthHandler).ChangePassword-fm (8 handlers)
[GIN-debug] GET    /api/v1/profile/sessions  --> robusta-web/backend/internal/api.(*AuthHandler).GetUserSessions-fm (8 handlers)
[GIN-debug] DELETE /api/v1/profile/sessions/:session_id --> robusta-web/backend/internal/api.(*AuthHandler).RevokeSession-fm (8 handlers)
[GIN-debug] GET    /api/v1/admin/audit-logs  --> robusta-web/backend/internal/api.(*QueryHandler).GetAuditLogs-fm (8 handlers)
[GIN-debug] DELETE /api/v1/admin/clusters/:id --> robusta-web/backend/internal/api.(*QueryHandler).DeleteCluster-fm (8 handlers)
2025/09/24 14:13:45 服务器启动在端口 8080
[GIN-debug] [WARNING] You trusted all proxies, this is NOT safe. We recommend you to set a value.
Please check https://pkg.go.dev/github.com/gin-gonic/gin#readme-don-t-trust-all-proxies for details.
[GIN-debug] Listening and serving HTTP on :8080
[GIN] 2025/09/24 - 14:13:54 | 200 |     108.084µs |             ::1 | GET      "/health"
[GIN] 2025/09/24 - 14:13:54 | 200 |         172µs |             ::1 | GET      "/health"
[GIN] 2025/09/24 - 14:14:45 | 401 |      276.25µs |    10.244.3.154 | POST     "/api/v1/ingest/robusta-webhook"
[GIN] 2025/09/24 - 14:14:45 | 401 |    3.242167ms |    10.244.3.154 | POST     "/api/v1/ingest/robusta-webhook"
[GIN] 2025/09/24 - 14:14:57 | 401 |      84.291µs |    10.244.3.154 | POST     "/api/v1/ingest/robusta-webhook"
[GIN] 2025/09/24 - 14:14:57 | 401 |     143.042µs |    10.244.3.154 | POST     "/api/v1/ingest/robusta-webhook"
[GIN] 2025/09/24 - 14:15:05 | 401 |      25.625µs |    10.244.3.154 | POST     "/api/v1/ingest/robusta-webhook"
[GIN] 2025/09/24 - 14:15:05 | 401 |         145µs |    10.244.3.154 | POST     "/api/v1/ingest/robusta-webhook"

2025/09/24 14:15:10 [32m/Users/ny/Documents/robusta-web/backend/internal/services/rca_service.go:36
[0m[33m[20.777ms] [34;1m[rows:0][0m SELECT * FROM "rca_runs" WHERE alert_id = '78e46de7-f9ed-452d-8b6a-6d8ead50329a' AND "rca_runs"."deleted_at" IS NULL ORDER BY created_at DESC
{"client_ip":"1.1.1.1","latency_ms":21,"method":"GET","path":"/api/v1/rca/78e46de7-f9ed-452d-8b6a-6d8ead50329a","query":"","request_id":"27b077a8-3a03-40b0-a559-602415f54e8c","status_code":200,"timestamp":"2025-09-24T14:15:10+08:00","user_agent":"Mozilla/5.0 (Macintosh; Intel Mac OS X 10_15_7) AppleWebKit/537.36 (KHTML, like Gecko) Chrome/140.0.0.0 Safari/537.36","user_id":""}
[GIN] 2025/09/24 - 14:15:10 | 200 |   21.840833ms |         1.1.1.1 | GET      "/api/v1/rca/78e46de7-f9ed-452d-8b6a-6d8ead50329a"
[GIN] 2025/09/24 - 14:15:10 | 200 |   21.896792ms |         1.1.1.1 | GET      "/api/v1/rca/78e46de7-f9ed-452d-8b6a-6d8ead50329a"

2025/09/24 14:15:10 [32m/Users/ny/Documents/robusta-web/backend/internal/services/alert_service.go:97
[0m[33m[3.824ms] [34;1m[rows:1][0m SELECT * FROM "clusters" WHERE "clusters"."cluster_id" = 'kind' AND "clusters"."deleted_at" IS NULL

2025/09/24 14:15:10 [32m/Users/ny/Documents/robusta-web/backend/internal/services/alert_service.go:97
[0m[33m[1.570ms] [34;1m[rows:0][0m SELECT * FROM "rca_runs" WHERE "rca_runs"."alert_id" = '78e46de7-f9ed-452d-8b6a-6d8ead50329a' AND "rca_runs"."deleted_at" IS NULL

2025/09/24 14:15:10 [32m/Users/ny/Documents/robusta-web/backend/internal/services/alert_service.go:97
[0m[33m[32.149ms] [34;1m[rows:1][0m SELECT * FROM "alerts" WHERE id = '78e46de7-f9ed-452d-8b6a-6d8ead50329a' AND "alerts"."deleted_at" IS NULL ORDER BY "alerts"."id" LIMIT 1
{"client_ip":"1.1.1.1","latency_ms":32,"method":"GET","path":"/api/v1/alerts/78e46de7-f9ed-452d-8b6a-6d8ead50329a","query":"","request_id":"2545003e-0caa-44a8-a2e0-f966ab26c763","status_code":200,"timestamp":"2025-09-24T14:15:10+08:00","user_agent":"Mozilla/5.0 (Macintosh; Intel Mac OS X 10_15_7) AppleWebKit/537.36 (KHTML, like Gecko) Chrome/140.0.0.0 Safari/537.36","user_id":""}
[GIN] 2025/09/24 - 14:15:10 | 200 |    32.71475ms |         1.1.1.1 | GET      "/api/v1/alerts/78e46de7-f9ed-452d-8b6a-6d8ead50329a"
[GIN] 2025/09/24 - 14:15:10 | 200 |       32.86ms |         1.1.1.1 | GET      "/api/v1/alerts/78e46de7-f9ed-452d-8b6a-6d8ead50329a"

2025/09/24 14:15:13 [32m/Users/ny/Documents/robusta-web/backend/internal/services/alert_service.go:81
[0m[33m[5.022ms] [34;1m[rows:1][0m SELECT count(*) FROM "alerts" WHERE created_at >= '2025-09-23 06:15:13.408' AND "alerts"."deleted_at" IS NULL

2025/09/24 14:15:13 [32m/Users/ny/Documents/robusta-web/backend/internal/services/cluster_service.go:190
[0m[33m[4.427ms] [34;1m[rows:1][0m SELECT count(*) FROM "clusters" WHERE "clusters"."deleted_at" IS NULL

2025/09/24 14:15:13 [32m/Users/ny/Documents/robusta-web/backend/internal/services/cluster_service.go:196
[0m[33m[3.823ms] [34;1m[rows:2][0m SELECT * FROM "clusters" WHERE "clusters"."deleted_at" IS NULL ORDER BY name LIMIT 100
{"client_ip":"1.1.1.1","latency_ms":8,"method":"GET","path":"/api/v1/clusters","query":"page=1\u0026limit=100","request_id":"a66fbf8e-f9c7-4732-b8f1-5e0f78b2bf54","status_code":200,"timestamp":"2025-09-24T14:15:13+08:00","user_agent":"Mozilla/5.0 (Macintosh; Intel Mac OS X 10_15_7) AppleWebKit/537.36 (KHTML, like Gecko) Chrome/140.0.0.0 Safari/537.36","user_id":""}
[GIN] 2025/09/24 - 14:15:13 | 200 |     8.69325ms |         1.1.1.1 | GET      "/api/v1/clusters?page=1&limit=100"
[GIN] 2025/09/24 - 14:15:13 | 200 |    8.745709ms |         1.1.1.1 | GET      "/api/v1/clusters?page=1&limit=100"

2025/09/24 14:15:13 [32m/Users/ny/Documents/robusta-web/backend/internal/services/alert_service.go:87
[0m[33m[3.745ms] [34;1m[rows:2][0m SELECT * FROM "clusters" WHERE "clusters"."cluster_id" IN ('kind','robusta-kind') AND "clusters"."deleted_at" IS NULL

2025/09/24 14:15:13 [32m/Users/ny/Documents/robusta-web/backend/internal/services/alert_service.go:87
[0m[33m[7.102ms] [34;1m[rows:4][0m SELECT * FROM "alerts" WHERE created_at >= '2025-09-23 06:15:13.408' AND "alerts"."deleted_at" IS NULL ORDER BY created_at DESC LIMIT 1000
{"client_ip":"1.1.1.1","latency_ms":12,"method":"GET","path":"/api/v1/alerts","query":"page=1\u0026limit=1000\u0026since=2025-09-23T06%3A15%3A13.408Z","request_id":"c84d7ffc-2bea-49fc-98e6-cd8c911b950a","status_code":200,"timestamp":"2025-09-24T14:15:13+08:00","user_agent":"Mozilla/5.0 (Macintosh; Intel Mac OS X 10_15_7) AppleWebKit/537.36 (KHTML, like Gecko) Chrome/140.0.0.0 Safari/537.36","user_id":""}
[GIN] 2025/09/24 - 14:15:13 | 200 |   13.014208ms |         1.1.1.1 | GET      "/api/v1/alerts?page=1&limit=1000&since=2025-09-23T06%3A15%3A13.408Z"
[GIN] 2025/09/24 - 14:15:13 | 200 |   13.057167ms |         1.1.1.1 | GET      "/api/v1/alerts?page=1&limit=1000&since=2025-09-23T06%3A15%3A13.408Z"

2025/09/24 14:15:14 [32m/Users/ny/Documents/robusta-web/backend/internal/services/rca_service.go:36
[0m[33m[3.085ms] [34;1m[rows:0][0m SELECT * FROM "rca_runs" WHERE alert_id = '657a491b-9bec-4d99-bc92-fa5e5eb64f39' AND "rca_runs"."deleted_at" IS NULL ORDER BY created_at DESC
{"client_ip":"1.1.1.1","latency_ms":3,"method":"GET","path":"/api/v1/rca/657a491b-9bec-4d99-bc92-fa5e5eb64f39","query":"","request_id":"174ef9d5-1718-4783-9294-605e0dc2a5ec","status_code":200,"timestamp":"2025-09-24T14:15:14+08:00","user_agent":"Mozilla/5.0 (Macintosh; Intel Mac OS X 10_15_7) AppleWebKit/537.36 (KHTML, like Gecko) Chrome/140.0.0.0 Safari/537.36","user_id":""}
[GIN] 2025/09/24 - 14:15:14 | 200 |    3.207083ms |         1.1.1.1 | GET      "/api/v1/rca/657a491b-9bec-4d99-bc92-fa5e5eb64f39"
[GIN] 2025/09/24 - 14:15:14 | 200 |    3.233042ms |         1.1.1.1 | GET      "/api/v1/rca/657a491b-9bec-4d99-bc92-fa5e5eb64f39"

2025/09/24 14:15:14 [32m/Users/ny/Documents/robusta-web/backend/internal/services/alert_service.go:97
[0m[33m[1.750ms] [34;1m[rows:1][0m SELECT * FROM "clusters" WHERE "clusters"."cluster_id" = 'kind' AND "clusters"."deleted_at" IS NULL

2025/09/24 14:15:14 [32m/Users/ny/Documents/robusta-web/backend/internal/services/alert_service.go:97
[0m[33m[1.561ms] [34;1m[rows:0][0m SELECT * FROM "rca_runs" WHERE "rca_runs"."alert_id" = '657a491b-9bec-4d99-bc92-fa5e5eb64f39' AND "rca_runs"."deleted_at" IS NULL

2025/09/24 14:15:14 [32m/Users/ny/Documents/robusta-web/backend/internal/services/alert_service.go:97
[0m[33m[6.642ms] [34;1m[rows:1][0m SELECT * FROM "alerts" WHERE id = '657a491b-9bec-4d99-bc92-fa5e5eb64f39' AND "alerts"."deleted_at" IS NULL ORDER BY "alerts"."id" LIMIT 1
{"client_ip":"1.1.1.1","latency_ms":6,"method":"GET","path":"/api/v1/alerts/657a491b-9bec-4d99-bc92-fa5e5eb64f39","query":"","request_id":"8ba8c9cc-447d-42e6-be9f-e34a1ab2a25c","status_code":200,"timestamp":"2025-09-24T14:15:14+08:00","user_agent":"Mozilla/5.0 (Macintosh; Intel Mac OS X 10_15_7) AppleWebKit/537.36 (KHTML, like Gecko) Chrome/140.0.0.0 Safari/537.36","user_id":""}
[GIN] 2025/09/24 - 14:15:14 | 200 |    6.879625ms |         1.1.1.1 | GET      "/api/v1/alerts/657a491b-9bec-4d99-bc92-fa5e5eb64f39"
[GIN] 2025/09/24 - 14:15:14 | 200 |    6.918208ms |         1.1.1.1 | GET      "/api/v1/alerts/657a491b-9bec-4d99-bc92-fa5e5eb64f39"

2025/09/24 14:15:16 [32m/Users/ny/Documents/robusta-web/backend/internal/services/alert_service.go:81
[0m[33m[3.016ms] [34;1m[rows:1][0m SELECT count(*) FROM "alerts" WHERE created_at >= '2025-09-23 06:15:16.662' AND "alerts"."deleted_at" IS NULL

2025/09/24 14:15:16 [32m/Users/ny/Documents/robusta-web/backend/internal/services/cluster_service.go:190
[0m[33m[2.030ms] [34;1m[rows:1][0m SELECT count(*) FROM "clusters" WHERE "clusters"."deleted_at" IS NULL

2025/09/24 14:15:16 [32m/Users/ny/Documents/robusta-web/backend/internal/services/cluster_service.go:196
[0m[33m[0.899ms] [34;1m[rows:2][0m SELECT * FROM "clusters" WHERE "clusters"."deleted_at" IS NULL ORDER BY name LIMIT 100
{"client_ip":"1.1.1.1","latency_ms":3,"method":"GET","path":"/api/v1/clusters","query":"page=1\u0026limit=100","request_id":"fe4b6059-6692-488f-90f0-e861a8618fb7","status_code":200,"timestamp":"2025-09-24T14:15:16+08:00","user_agent":"Mozilla/5.0 (Macintosh; Intel Mac OS X 10_15_7) AppleWebKit/537.36 (KHTML, like Gecko) Chrome/140.0.0.0 Safari/537.36","user_id":""}
[GIN] 2025/09/24 - 14:15:16 | 200 |    3.302084ms |         1.1.1.1 | GET      "/api/v1/clusters?page=1&limit=100"
[GIN] 2025/09/24 - 14:15:16 | 200 |    3.355333ms |         1.1.1.1 | GET      "/api/v1/clusters?page=1&limit=100"

2025/09/24 14:15:16 [32m/Users/ny/Documents/robusta-web/backend/internal/services/alert_service.go:87
[0m[33m[1.100ms] [34;1m[rows:2][0m SELECT * FROM "clusters" WHERE "clusters"."cluster_id" IN ('kind','robusta-kind') AND "clusters"."deleted_at" IS NULL

2025/09/24 14:15:16 [32m/Users/ny/Documents/robusta-web/backend/internal/services/alert_service.go:87
[0m[33m[2.184ms] [34;1m[rows:4][0m SELECT * FROM "alerts" WHERE created_at >= '2025-09-23 06:15:16.662' AND "alerts"."deleted_at" IS NULL ORDER BY created_at DESC LIMIT 1000
{"client_ip":"1.1.1.1","latency_ms":5,"method":"GET","path":"/api/v1/alerts","query":"page=1\u0026limit=1000\u0026since=2025-09-23T06%3A15%3A16.662Z","request_id":"ba8d3670-7ca0-410c-bb94-186007d9bf28","status_code":200,"timestamp":"2025-09-24T14:15:16+08:00","user_agent":"Mozilla/5.0 (Macintosh; Intel Mac OS X 10_15_7) AppleWebKit/537.36 (KHTML, like Gecko) Chrome/140.0.0.0 Safari/537.36","user_id":""}
[GIN] 2025/09/24 - 14:15:16 | 200 |    5.516458ms |         1.1.1.1 | GET      "/api/v1/alerts?page=1&limit=1000&since=2025-09-23T06%3A15%3A16.662Z"
[GIN] 2025/09/24 - 14:15:16 | 200 |    5.712625ms |         1.1.1.1 | GET      "/api/v1/alerts?page=1&limit=1000&since=2025-09-23T06%3A15%3A16.662Z"

2025/09/24 14:15:18 [32m/Users/ny/Documents/robusta-web/backend/internal/services/rca_service.go:36
[0m[33m[4.648ms] [34;1m[rows:1][0m SELECT * FROM "rca_runs" WHERE alert_id = '1f59c312-26c3-468c-941f-351d0509968d' AND "rca_runs"."deleted_at" IS NULL ORDER BY created_at DESC
{"client_ip":"1.1.1.1","latency_ms":4,"method":"GET","path":"/api/v1/rca/1f59c312-26c3-468c-941f-351d0509968d","query":"","request_id":"6d72f20f-f1ed-4b21-bb32-1184731da0ab","status_code":200,"timestamp":"2025-09-24T14:15:18+08:00","user_agent":"Mozilla/5.0 (Macintosh; Intel Mac OS X 10_15_7) AppleWebKit/537.36 (KHTML, like Gecko) Chrome/140.0.0.0 Safari/537.36","user_id":""}
[GIN] 2025/09/24 - 14:15:18 | 200 |     4.83775ms |         1.1.1.1 | GET      "/api/v1/rca/1f59c312-26c3-468c-941f-351d0509968d"
[GIN] 2025/09/24 - 14:15:18 | 200 |       4.871ms |         1.1.1.1 | GET      "/api/v1/rca/1f59c312-26c3-468c-941f-351d0509968d"

2025/09/24 14:15:18 [32m/Users/ny/Documents/robusta-web/backend/internal/services/alert_service.go:97
[0m[33m[0.815ms] [34;1m[rows:1][0m SELECT * FROM "clusters" WHERE "clusters"."cluster_id" = 'robusta-kind' AND "clusters"."deleted_at" IS NULL

2025/09/24 14:15:18 [32m/Users/ny/Documents/robusta-web/backend/internal/services/alert_service.go:97
[0m[33m[1.764ms] [34;1m[rows:1][0m SELECT * FROM "rca_runs" WHERE "rca_runs"."alert_id" = '1f59c312-26c3-468c-941f-351d0509968d' AND "rca_runs"."deleted_at" IS NULL

2025/09/24 14:15:18 [32m/Users/ny/Documents/robusta-web/backend/internal/services/alert_service.go:97
[0m[33m[7.288ms] [34;1m[rows:1][0m SELECT * FROM "alerts" WHERE id = '1f59c312-26c3-468c-941f-351d0509968d' AND "alerts"."deleted_at" IS NULL ORDER BY "alerts"."id" LIMIT 1
{"client_ip":"1.1.1.1","latency_ms":7,"method":"GET","path":"/api/v1/alerts/1f59c312-26c3-468c-941f-351d0509968d","query":"","request_id":"746614fe-8e3b-4c6a-a7e3-241003a8bf36","status_code":200,"timestamp":"2025-09-24T14:15:18+08:00","user_agent":"Mozilla/5.0 (Macintosh; Intel Mac OS X 10_15_7) AppleWebKit/537.36 (KHTML, like Gecko) Chrome/140.0.0.0 Safari/537.36","user_id":""}
[GIN] 2025/09/24 - 14:15:18 | 200 |    7.794667ms |         1.1.1.1 | GET      "/api/v1/alerts/1f59c312-26c3-468c-941f-351d0509968d"
[GIN] 2025/09/24 - 14:15:18 | 200 |    7.877542ms |         1.1.1.1 | GET      "/api/v1/alerts/1f59c312-26c3-468c-941f-351d0509968d"

2025/09/24 14:15:20 [32m/Users/ny/Documents/robusta-web/backend/internal/services/alert_service.go:81
[0m[33m[3.169ms] [34;1m[rows:1][0m SELECT count(*) FROM "alerts" WHERE created_at >= '2025-09-23 06:15:20.362' AND "alerts"."deleted_at" IS NULL

2025/09/24 14:15:20 [32m/Users/ny/Documents/robusta-web/backend/internal/services/cluster_service.go:190
[0m[33m[1.907ms] [34;1m[rows:1][0m SELECT count(*) FROM "clusters" WHERE "clusters"."deleted_at" IS NULL

2025/09/24 14:15:20 [32m/Users/ny/Documents/robusta-web/backend/internal/services/cluster_service.go:196
[0m[33m[0.604ms] [34;1m[rows:2][0m SELECT * FROM "clusters" WHERE "clusters"."deleted_at" IS NULL ORDER BY name LIMIT 100
{"client_ip":"1.1.1.1","latency_ms":2,"method":"GET","path":"/api/v1/clusters","query":"page=1\u0026limit=100","request_id":"cbc3b167-d886-4a00-bd37-52a387551d0e","status_code":200,"timestamp":"2025-09-24T14:15:20+08:00","user_agent":"Mozilla/5.0 (Macintosh; Intel Mac OS X 10_15_7) AppleWebKit/537.36 (KHTML, like Gecko) Chrome/140.0.0.0 Safari/537.36","user_id":""}
[GIN] 2025/09/24 - 14:15:20 | 200 |    2.717375ms |         1.1.1.1 | GET      "/api/v1/clusters?page=1&limit=100"
[GIN] 2025/09/24 - 14:15:20 | 200 |      2.7625ms |         1.1.1.1 | GET      "/api/v1/clusters?page=1&limit=100"

2025/09/24 14:15:20 [32m/Users/ny/Documents/robusta-web/backend/internal/services/alert_service.go:87
[0m[33m[0.996ms] [34;1m[rows:2][0m SELECT * FROM "clusters" WHERE "clusters"."cluster_id" IN ('kind','robusta-kind') AND "clusters"."deleted_at" IS NULL

2025/09/24 14:15:20 [32m/Users/ny/Documents/robusta-web/backend/internal/services/alert_service.go:87
[0m[33m[2.108ms] [34;1m[rows:4][0m SELECT * FROM "alerts" WHERE created_at >= '2025-09-23 06:15:20.362' AND "alerts"."deleted_at" IS NULL ORDER BY created_at DESC LIMIT 1000
{"client_ip":"1.1.1.1","latency_ms":5,"method":"GET","path":"/api/v1/alerts","query":"page=1\u0026limit=1000\u0026since=2025-09-23T06%3A15%3A20.362Z","request_id":"cbf3cd92-3445-41fb-8c11-9c9e264dd2a9","status_code":200,"timestamp":"2025-09-24T14:15:20+08:00","user_agent":"Mozilla/5.0 (Macintosh; Intel Mac OS X 10_15_7) AppleWebKit/537.36 (KHTML, like Gecko) Chrome/140.0.0.0 Safari/537.36","user_id":""}
[GIN] 2025/09/24 - 14:15:20 | 200 |    5.624375ms |         1.1.1.1 | GET      "/api/v1/alerts?page=1&limit=1000&since=2025-09-23T06%3A15%3A20.362Z"
[GIN] 2025/09/24 - 14:15:20 | 200 |    5.666166ms |         1.1.1.1 | GET      "/api/v1/alerts?page=1&limit=1000&since=2025-09-23T06%3A15%3A20.362Z"

2025/09/24 14:15:29 [32m/Users/ny/Documents/robusta-web/backend/internal/services/alert_service.go:81
[0m[33m[1.041ms] [34;1m[rows:1][0m SELECT count(*) FROM "alerts" WHERE (title ILIKE '%K8s Warning%' OR description ILIKE '%K8s Warning%') AND "alerts"."deleted_at" IS NULL

2025/09/24 14:15:29 [32m/Users/ny/Documents/robusta-web/backend/internal/services/alert_service.go:87
[0m[33m[0.534ms] [34;1m[rows:0][0m SELECT * FROM "alerts" WHERE (title ILIKE '%K8s Warning%' OR description ILIKE '%K8s Warning%') AND "alerts"."deleted_at" IS NULL ORDER BY created_at DESC LIMIT 20
{"client_ip":"::1","latency_ms":1,"method":"GET","path":"/api/v1/alerts","query":"limit=20\u0026keyword=K8s%20Warning","request_id":"911162c2-d8f0-47ac-8ecb-cfd3e4b380ee","status_code":200,"timestamp":"2025-09-24T14:15:29+08:00","user_agent":"curl/8.7.1","user_id":""}
[GIN] 2025/09/24 - 14:15:29 | 200 |    1.916042ms |             ::1 | GET      "/api/v1/alerts?limit=20&keyword=K8s%20Warning"
[GIN] 2025/09/24 - 14:15:29 | 200 |     1.95325ms |             ::1 | GET      "/api/v1/alerts?limit=20&keyword=K8s%20Warning"

2025/09/24 14:15:29 [32m/Users/ny/Documents/robusta-web/backend/internal/services/alert_service.go:81
[0m[33m[0.480ms] [34;1m[rows:1][0m SELECT count(*) FROM "alerts" WHERE (title ILIKE '%bad-image-demo-7c69995f6f-7gmhw%' OR description ILIKE '%bad-image-demo-7c69995f6f-7gmhw%') AND "alerts"."deleted_at" IS NULL

2025/09/24 14:15:29 [32m/Users/ny/Documents/robusta-web/backend/internal/services/alert_service.go:87
[0m[33m[0.238ms] [34;1m[rows:0][0m SELECT * FROM "alerts" WHERE (title ILIKE '%bad-image-demo-7c69995f6f-7gmhw%' OR description ILIKE '%bad-image-demo-7c69995f6f-7gmhw%') AND "alerts"."deleted_at" IS NULL ORDER BY created_at DESC LIMIT 20
{"client_ip":"::1","latency_ms":0,"method":"GET","path":"/api/v1/alerts","query":"limit=20\u0026keyword=bad-image-demo-7c69995f6f-7gmhw","request_id":"5e02a525-4175-4a8c-a6d8-634450fe4bad","status_code":200,"timestamp":"2025-09-24T14:15:29+08:00","user_agent":"curl/8.7.1","user_id":""}
[GIN] 2025/09/24 - 14:15:29 | 200 |     811.791µs |             ::1 | GET      "/api/v1/alerts?limit=20&keyword=bad-image-demo-7c69995f6f-7gmhw"
[GIN] 2025/09/24 - 14:15:29 | 200 |     846.042µs |             ::1 | GET      "/api/v1/alerts?limit=20&keyword=bad-image-demo-7c69995f6f-7gmhw"

2025/09/24 14:15:50 [32m/Users/ny/Documents/robusta-web/backend/internal/services/alert_service.go:81
[0m[33m[2.659ms] [34;1m[rows:1][0m SELECT count(*) FROM "alerts" WHERE created_at >= '2025-09-23 06:15:20.362' AND "alerts"."deleted_at" IS NULL

2025/09/24 14:15:50 [32m/Users/ny/Documents/robusta-web/backend/internal/services/alert_service.go:87
[0m[33m[0.605ms] [34;1m[rows:2][0m SELECT * FROM "clusters" WHERE "clusters"."cluster_id" IN ('kind','robusta-kind') AND "clusters"."deleted_at" IS NULL

2025/09/24 14:15:50 [32m/Users/ny/Documents/robusta-web/backend/internal/services/alert_service.go:87
[0m[33m[2.573ms] [34;1m[rows:4][0m SELECT * FROM "alerts" WHERE created_at >= '2025-09-23 06:15:20.362' AND "alerts"."deleted_at" IS NULL ORDER BY created_at DESC LIMIT 1000
{"client_ip":"1.1.1.1","latency_ms":5,"method":"GET","path":"/api/v1/alerts","query":"page=1\u0026limit=1000\u0026since=2025-09-23T06%3A15%3A20.362Z","request_id":"74521897-a326-4dc3-a684-6428daad1769","status_code":200,"timestamp":"2025-09-24T14:15:50+08:00","user_agent":"Mozilla/5.0 (Macintosh; Intel Mac OS X 10_15_7) AppleWebKit/537.36 (KHTML, like Gecko) Chrome/140.0.0.0 Safari/537.36","user_id":""}
[GIN] 2025/09/24 - 14:15:50 | 200 |    5.694375ms |         1.1.1.1 | GET      "/api/v1/alerts?page=1&limit=1000&since=2025-09-23T06%3A15%3A20.362Z"
[GIN] 2025/09/24 - 14:15:50 | 200 |    5.743541ms |         1.1.1.1 | GET      "/api/v1/alerts?page=1&limit=1000&since=2025-09-23T06%3A15%3A20.362Z"

2025/09/24 14:15:54 [32m/Users/ny/Documents/robusta-web/backend/internal/services/cluster_service.go:58
[0m[33m[1.646ms] [34;1m[rows:1][0m SELECT * FROM "clusters" WHERE cluster_id = 'kind' AND "clusters"."deleted_at" IS NULL ORDER BY "clusters"."id" LIMIT 1

2025/09/24 14:15:54 [32m/Users/ny/Documents/robusta-web/backend/internal/services/cluster_service.go:64
[0m[33m[11.382ms] [34;1m[rows:1][0m UPDATE "clusters" SET "created_at"='2025-09-24 10:42:22.785',"updated_at"='2025-09-24 14:15:54.484',"deleted_at"=NULL,"cluster_id"='kind',"name"='kind',"description"='',"status"='active',"last_heartbeat"='2025-09-24 14:15:54.482' WHERE "clusters"."deleted_at" IS NULL AND "id" = 'bd2b0f8e-1498-4849-a086-1c2baa69c4a0'

2025/09/24 14:15:54 [31;1m/Users/ny/Documents/robusta-web/backend/internal/services/alert_service.go:39 [35;1mrecord not found
[0m[33m[1.163ms] [34;1m[rows:0][0m SELECT * FROM "alerts" WHERE (fingerprint = '008d1899a704722d72b146d6e1a65c5f' AND cluster_id = 'kind') AND "alerts"."deleted_at" IS NULL ORDER BY "alerts"."id" LIMIT 1

2025/09/24 14:15:54 [32m/Users/ny/Documents/robusta-web/backend/internal/services/alert_service.go:48
[0m[33m[3.682ms] [34;1m[rows:1][0m INSERT INTO "alerts" ("created_at","updated_at","deleted_at","fingerprint","cluster_id","title","description","severity","status","labels","annotations","starts_at","ends_at") VALUES ('2025-09-24 14:15:54.497','2025-09-24 14:15:54.497',NULL,'008d1899a704722d72b146d6e1a65c5f','kind','APIKey check','','high','firing','{"ns":"default","pod":"check"}',NULL,NULL,NULL) RETURNING "id"
[GIN] 2025/09/24 - 14:15:54 | 200 |   18.162708ms |             ::1 | POST     "/api/v1/ingest/robusta-webhook"
[GIN] 2025/09/24 - 14:15:54 | 200 |   18.203458ms |             ::1 | POST     "/api/v1/ingest/robusta-webhook"
[GIN] 2025/09/24 - 14:15:54 | 401 |       9.875µs |             ::1 | POST     "/api/v1/ingest/robusta-webhook"
[GIN] 2025/09/24 - 14:15:54 | 401 |      55.916µs |             ::1 | POST     "/api/v1/ingest/robusta-webhook"

2025/09/24 14:16:08 [32m/Users/ny/Documents/robusta-web/backend/internal/services/alert_service.go:81
[0m[33m[10.816ms] [34;1m[rows:1][0m SELECT count(*) FROM "alerts" WHERE status = 'firing' AND "alerts"."deleted_at" IS NULL

2025/09/24 14:16:08 [32m/Users/ny/Documents/robusta-web/backend/internal/services/cluster_service.go:79
[0m[33m[11.632ms] [34;1m[rows:1][0m SELECT count(*) FROM "clusters" WHERE "clusters"."deleted_at" IS NULL

2025/09/24 14:16:08 [32m/Users/ny/Documents/robusta-web/backend/internal/services/cluster_service.go:87
[0m[33m[2.796ms] [34;1m[rows:1][0m SELECT count(*) FROM "clusters" WHERE (last_heartbeat > '2025-09-24 14:11:08.861' AND status = 'active') AND "clusters"."deleted_at" IS NULL

2025/09/24 14:16:08 [32m/Users/ny/Documents/robusta-web/backend/internal/services/cluster_service.go:92
[0m[33m[1.115ms] [34;1m[rows:1][0m SELECT count(*) FROM "alerts" WHERE "alerts"."deleted_at" IS NULL

2025/09/24 14:16:08 [32m/Users/ny/Documents/robusta-web/backend/internal/services/alert_service.go:87
[0m[33m[1.457ms] [34;1m[rows:2][0m SELECT * FROM "clusters" WHERE "clusters"."cluster_id" IN ('kind','robusta-kind') AND "clusters"."deleted_at" IS NULL

2025/09/24 14:16:08 [32m/Users/ny/Documents/robusta-web/backend/internal/services/alert_service.go:87
[0m[33m[4.730ms] [34;1m[rows:5][0m SELECT * FROM "alerts" WHERE status = 'firing' AND "alerts"."deleted_at" IS NULL ORDER BY created_at DESC LIMIT 10
{"client_ip":"1.1.1.1","latency_ms":16,"method":"GET","path":"/api/v1/alerts","query":"page=1\u0026limit=10\u0026status=firing","request_id":"db6a0521-67fd-427a-a665-d95a58d3ca0c","status_code":200,"timestamp":"2025-09-24T14:16:08+08:00","user_agent":"Mozilla/5.0 (Macintosh; Intel Mac OS X 10_15_7) AppleWebKit/537.36 (KHTML, like Gecko) Chrome/140.0.0.0 Safari/537.36","user_id":""}
[GIN] 2025/09/24 - 14:16:08 | 200 |       16.74ms |         1.1.1.1 | GET      "/api/v1/alerts?page=1&limit=10&status=firing"
[GIN] 2025/09/24 - 14:16:08 | 200 |    16.90325ms |         1.1.1.1 | GET      "/api/v1/alerts?page=1&limit=10&status=firing"

2025/09/24 14:16:08 [32m/Users/ny/Documents/robusta-web/backend/internal/services/cluster_service.go:99
[0m[33m[0.809ms] [34;1m[rows:1][0m SELECT count(*) FROM "alerts" WHERE (severity = 'critical' AND status = 'firing') AND "alerts"."deleted_at" IS NULL

2025/09/24 14:16:08 [32m/Users/ny/Documents/robusta-web/backend/internal/services/cluster_service.go:147
[0m[33m[6.094ms] [34;1m[rows:2][0m 
		SELECT 
			c.cluster_id,
			c.name,
			c.status,
			c.last_heartbeat,
			COALESCE(alert_counts.total_alerts, 0) as alert_count,
			COALESCE(alert_counts.critical_alerts, 0) as critical_count
		FROM clusters c
		LEFT JOIN (
			SELECT 
				cluster_id,
				COUNT(*) as total_alerts,
				COUNT(CASE WHEN severity = 'critical' AND status = 'firing' THEN 1 END) as critical_alerts
			FROM alerts
			WHERE deleted_at IS NULL
			GROUP BY cluster_id
		) alert_counts ON c.cluster_id = alert_counts.cluster_id
		WHERE c.deleted_at IS NULL
		ORDER BY c.name
	

2025/09/24 14:16:08 [32m/Users/ny/Documents/robusta-web/backend/internal/services/cluster_service.go:170
[0m[33m[4.563ms] [34;1m[rows:1][0m 
		SELECT 
			DATE(created_at) as date,
			COUNT(*) as count
		FROM alerts
		WHERE created_at >= CURRENT_DATE - INTERVAL '7 days'
			AND deleted_at IS NULL
		GROUP BY DATE(created_at)
		ORDER BY date
	
{"client_ip":"1.1.1.1","latency_ms":28,"method":"GET","path":"/api/v1/clusters/summary","query":"","request_id":"e35ca10f-6951-48d9-8d68-9a6ad76da2f3","status_code":200,"timestamp":"2025-09-24T14:16:08+08:00","user_agent":"Mozilla/5.0 (Macintosh; Intel Mac OS X 10_15_7) AppleWebKit/537.36 (KHTML, like Gecko) Chrome/140.0.0.0 Safari/537.36","user_id":""}
[GIN] 2025/09/24 - 14:16:08 | 200 |   28.097625ms |         1.1.1.1 | GET      "/api/v1/clusters/summary"
[GIN] 2025/09/24 - 14:16:08 | 200 |   28.351416ms |         1.1.1.1 | GET      "/api/v1/clusters/summary"

2025/09/24 14:16:09 [32m/Users/ny/Documents/robusta-web/backend/internal/services/cluster_service.go:190
[0m[33m[2.896ms] [34;1m[rows:1][0m SELECT count(*) FROM "clusters" WHERE "clusters"."deleted_at" IS NULL

2025/09/24 14:16:09 [32m/Users/ny/Documents/robusta-web/backend/internal/services/alert_service.go:81
[0m[33m[3.199ms] [34;1m[rows:1][0m SELECT count(*) FROM "alerts" WHERE created_at >= '2025-09-23 06:16:09.394' AND "alerts"."deleted_at" IS NULL

2025/09/24 14:16:09 [32m/Users/ny/Documents/robusta-web/backend/internal/services/cluster_service.go:196
[0m[33m[1.015ms] [34;1m[rows:2][0m SELECT * FROM "clusters" WHERE "clusters"."deleted_at" IS NULL ORDER BY name LIMIT 100
{"client_ip":"1.1.1.1","latency_ms":4,"method":"GET","path":"/api/v1/clusters","query":"page=1\u0026limit=100","request_id":"2f96184b-226f-4d5a-8e86-55827805399f","status_code":200,"timestamp":"2025-09-24T14:16:09+08:00","user_agent":"Mozilla/5.0 (Macintosh; Intel Mac OS X 10_15_7) AppleWebKit/537.36 (KHTML, like Gecko) Chrome/140.0.0.0 Safari/537.36","user_id":""}
[GIN] 2025/09/24 - 14:16:09 | 200 |    4.140667ms |         1.1.1.1 | GET      "/api/v1/clusters?page=1&limit=100"
[GIN] 2025/09/24 - 14:16:09 | 200 |    4.176708ms |         1.1.1.1 | GET      "/api/v1/clusters?page=1&limit=100"

2025/09/24 14:16:09 [32m/Users/ny/Documents/robusta-web/backend/internal/services/alert_service.go:87
[0m[33m[0.717ms] [34;1m[rows:2][0m SELECT * FROM "clusters" WHERE "clusters"."cluster_id" IN ('kind','robusta-kind') AND "clusters"."deleted_at" IS NULL

2025/09/24 14:16:09 [32m/Users/ny/Documents/robusta-web/backend/internal/services/alert_service.go:87
[0m[33m[1.938ms] [34;1m[rows:5][0m SELECT * FROM "alerts" WHERE created_at >= '2025-09-23 06:16:09.394' AND "alerts"."deleted_at" IS NULL ORDER BY created_at DESC LIMIT 1000
{"client_ip":"1.1.1.1","latency_ms":5,"method":"GET","path":"/api/v1/alerts","query":"page=1\u0026limit=1000\u0026since=2025-09-23T06%3A16%3A09.394Z","request_id":"0578bf8d-927a-426f-b605-9cf044c17ff6","status_code":200,"timestamp":"2025-09-24T14:16:09+08:00","user_agent":"Mozilla/5.0 (Macintosh; Intel Mac OS X 10_15_7) AppleWebKit/537.36 (KHTML, like Gecko) Chrome/140.0.0.0 Safari/537.36","user_id":""}
[GIN] 2025/09/24 - 14:16:09 | 200 |    6.009333ms |         1.1.1.1 | GET      "/api/v1/alerts?page=1&limit=1000&since=2025-09-23T06%3A16%3A09.394Z"
[GIN] 2025/09/24 - 14:16:09 | 200 |    6.112417ms |         1.1.1.1 | GET      "/api/v1/alerts?page=1&limit=1000&since=2025-09-23T06%3A16%3A09.394Z"

2025/09/24 14:16:17 [32m/Users/ny/Documents/robusta-web/backend/internal/services/rca_service.go:36
[0m[33m[4.329ms] [34;1m[rows:0][0m SELECT * FROM "rca_runs" WHERE alert_id = 'c193a538-9c05-4321-a039-8dc4be75c440' AND "rca_runs"."deleted_at" IS NULL ORDER BY created_at DESC
{"client_ip":"1.1.1.1","latency_ms":4,"method":"GET","path":"/api/v1/rca/c193a538-9c05-4321-a039-8dc4be75c440","query":"","request_id":"5b03e99f-3baf-41cf-a17f-0a63315ff4bd","status_code":200,"timestamp":"2025-09-24T14:16:17+08:00","user_agent":"Mozilla/5.0 (Macintosh; Intel Mac OS X 10_15_7) AppleWebKit/537.36 (KHTML, like Gecko) Chrome/140.0.0.0 Safari/537.36","user_id":""}
[GIN] 2025/09/24 - 14:16:17 | 200 |    4.635458ms |         1.1.1.1 | GET      "/api/v1/rca/c193a538-9c05-4321-a039-8dc4be75c440"
[GIN] 2025/09/24 - 14:16:17 | 200 |    4.750125ms |         1.1.1.1 | GET      "/api/v1/rca/c193a538-9c05-4321-a039-8dc4be75c440"

2025/09/24 14:16:17 [32m/Users/ny/Documents/robusta-web/backend/internal/services/alert_service.go:97
[0m[33m[0.760ms] [34;1m[rows:1][0m SELECT * FROM "clusters" WHERE "clusters"."cluster_id" = 'kind' AND "clusters"."deleted_at" IS NULL

2025/09/24 14:16:17 [32m/Users/ny/Documents/robusta-web/backend/internal/services/alert_service.go:97
[0m[33m[1.097ms] [34;1m[rows:0][0m SELECT * FROM "rca_runs" WHERE "rca_runs"."alert_id" = 'c193a538-9c05-4321-a039-8dc4be75c440' AND "rca_runs"."deleted_at" IS NULL

2025/09/24 14:16:17 [32m/Users/ny/Documents/robusta-web/backend/internal/services/alert_service.go:97
[0m[33m[9.063ms] [34;1m[rows:1][0m SELECT * FROM "alerts" WHERE id = 'c193a538-9c05-4321-a039-8dc4be75c440' AND "alerts"."deleted_at" IS NULL ORDER BY "alerts"."id" LIMIT 1
{"client_ip":"1.1.1.1","latency_ms":9,"method":"GET","path":"/api/v1/alerts/c193a538-9c05-4321-a039-8dc4be75c440","query":"","request_id":"8a46f39b-4f77-4a11-8017-bcddd46afd78","status_code":200,"timestamp":"2025-09-24T14:16:17+08:00","user_agent":"Mozilla/5.0 (Macintosh; Intel Mac OS X 10_15_7) AppleWebKit/537.36 (KHTML, like Gecko) Chrome/140.0.0.0 Safari/537.36","user_id":""}
[GIN] 2025/09/24 - 14:16:17 | 200 |    9.307833ms |         1.1.1.1 | GET      "/api/v1/alerts/c193a538-9c05-4321-a039-8dc4be75c440"
[GIN] 2025/09/24 - 14:16:17 | 200 |    9.450375ms |         1.1.1.1 | GET      "/api/v1/alerts/c193a538-9c05-4321-a039-8dc4be75c440"

2025/09/24 14:16:22 [32m/Users/ny/Documents/robusta-web/backend/internal/services/cluster_service.go:190
[0m[33m[5.744ms] [34;1m[rows:1][0m SELECT count(*) FROM "clusters" WHERE "clusters"."deleted_at" IS NULL

2025/09/24 14:16:22 [32m/Users/ny/Documents/robusta-web/backend/internal/services/cluster_service.go:196
[0m[33m[7.663ms] [34;1m[rows:2][0m SELECT * FROM "clusters" WHERE "clusters"."deleted_at" IS NULL ORDER BY name LIMIT 100
{"client_ip":"1.1.1.1","latency_ms":13,"method":"GET","path":"/api/v1/clusters","query":"page=1\u0026limit=100","request_id":"c5b9e602-c129-4aa6-bce9-062ce2dfff83","status_code":200,"timestamp":"2025-09-24T14:16:22+08:00","user_agent":"Mozilla/5.0 (Macintosh; Intel Mac OS X 10_15_7) AppleWebKit/537.36 (KHTML, like Gecko) Chrome/140.0.0.0 Safari/537.36","user_id":""}
[GIN] 2025/09/24 - 14:16:22 | 200 |   13.861292ms |         1.1.1.1 | GET      "/api/v1/clusters?page=1&limit=100"
[GIN] 2025/09/24 - 14:16:22 | 200 |   13.901667ms |         1.1.1.1 | GET      "/api/v1/clusters?page=1&limit=100"

2025/09/24 14:16:22 [32m/Users/ny/Documents/robusta-web/backend/internal/services/alert_service.go:81
[0m[33m[13.623ms] [34;1m[rows:1][0m SELECT count(*) FROM "alerts" WHERE created_at >= '2025-09-23 06:16:22.293' AND "alerts"."deleted_at" IS NULL

2025/09/24 14:16:22 [32m/Users/ny/Documents/robusta-web/backend/internal/services/alert_service.go:87
[0m[33m[0.706ms] [34;1m[rows:2][0m SELECT * FROM "clusters" WHERE "clusters"."cluster_id" IN ('kind','robusta-kind') AND "clusters"."deleted_at" IS NULL

2025/09/24 14:16:22 [32m/Users/ny/Documents/robusta-web/backend/internal/services/alert_service.go:87
[0m[33m[1.946ms] [34;1m[rows:5][0m SELECT * FROM "alerts" WHERE created_at >= '2025-09-23 06:16:22.293' AND "alerts"."deleted_at" IS NULL ORDER BY created_at DESC LIMIT 1000
{"client_ip":"1.1.1.1","latency_ms":15,"method":"GET","path":"/api/v1/alerts","query":"page=1\u0026limit=1000\u0026since=2025-09-23T06%3A16%3A22.293Z","request_id":"cbbd8295-0c07-4313-8abc-0b9fae1481de","status_code":200,"timestamp":"2025-09-24T14:16:22+08:00","user_agent":"Mozilla/5.0 (Macintosh; Intel Mac OS X 10_15_7) AppleWebKit/537.36 (KHTML, like Gecko) Chrome/140.0.0.0 Safari/537.36","user_id":""}
[GIN] 2025/09/24 - 14:16:22 | 200 |   15.966208ms |         1.1.1.1 | GET      "/api/v1/alerts?page=1&limit=1000&since=2025-09-23T06%3A16%3A22.293Z"
[GIN] 2025/09/24 - 14:16:22 | 200 |   15.978833ms |         1.1.1.1 | GET      "/api/v1/alerts?page=1&limit=1000&since=2025-09-23T06%3A16%3A22.293Z"
[GIN] 2025/09/24 - 14:16:37 | 401 |      21.709µs |    10.244.3.154 | POST     "/api/v1/ingest/robusta-webhook"
[GIN] 2025/09/24 - 14:16:37 | 401 |      565.75µs |    10.244.3.154 | POST     "/api/v1/ingest/robusta-webhook"

2025/09/24 14:16:52 [32m/Users/ny/Documents/robusta-web/backend/internal/services/alert_service.go:81
[0m[33m[2.978ms] [34;1m[rows:1][0m SELECT count(*) FROM "alerts" WHERE created_at >= '2025-09-23 06:16:22.293' AND "alerts"."deleted_at" IS NULL

2025/09/24 14:16:52 [32m/Users/ny/Documents/robusta-web/backend/internal/services/alert_service.go:87
[0m[33m[0.624ms] [34;1m[rows:2][0m SELECT * FROM "clusters" WHERE "clusters"."cluster_id" IN ('kind','robusta-kind') AND "clusters"."deleted_at" IS NULL

2025/09/24 14:16:52 [32m/Users/ny/Documents/robusta-web/backend/internal/services/alert_service.go:87
[0m[33m[1.615ms] [34;1m[rows:5][0m SELECT * FROM "alerts" WHERE created_at >= '2025-09-23 06:16:22.293' AND "alerts"."deleted_at" IS NULL ORDER BY created_at DESC LIMIT 1000
{"client_ip":"1.1.1.1","latency_ms":4,"method":"GET","path":"/api/v1/alerts","query":"page=1\u0026limit=1000\u0026since=2025-09-23T06%3A16%3A22.293Z","request_id":"bb3f1b95-4a11-400a-863a-dbe6953f50a1","status_code":200,"timestamp":"2025-09-24T14:16:52+08:00","user_agent":"Mozilla/5.0 (Macintosh; Intel Mac OS X 10_15_7) AppleWebKit/537.36 (KHTML, like Gecko) Chrome/140.0.0.0 Safari/537.36","user_id":""}
[GIN] 2025/09/24 - 14:16:52 | 200 |       5.022ms |         1.1.1.1 | GET      "/api/v1/alerts?page=1&limit=1000&since=2025-09-23T06%3A16%3A22.293Z"
[GIN] 2025/09/24 - 14:16:52 | 200 |    5.086125ms |         1.1.1.1 | GET      "/api/v1/alerts?page=1&limit=1000&since=2025-09-23T06%3A16%3A22.293Z"

2025/09/24 14:17:01 [32m/Users/ny/Documents/robusta-web/backend/internal/services/alert_service.go:81
[0m[33m[1.444ms] [34;1m[rows:1][0m SELECT count(*) FROM "alerts" WHERE (title ILIKE '%K8s Warning%' OR description ILIKE '%K8s Warning%') AND "alerts"."deleted_at" IS NULL

2025/09/24 14:17:01 [32m/Users/ny/Documents/robusta-web/backend/internal/services/alert_service.go:87
[0m[33m[1.807ms] [34;1m[rows:0][0m SELECT * FROM "alerts" WHERE (title ILIKE '%K8s Warning%' OR description ILIKE '%K8s Warning%') AND "alerts"."deleted_at" IS NULL ORDER BY created_at DESC LIMIT 20
{"client_ip":"::1","latency_ms":3,"method":"GET","path":"/api/v1/alerts","query":"limit=20\u0026keyword=K8s%20Warning","request_id":"5a231089-565e-4c03-aa35-763aa59b1d06","status_code":200,"timestamp":"2025-09-24T14:17:01+08:00","user_agent":"curl/8.7.1","user_id":""}
[GIN] 2025/09/24 - 14:17:01 | 200 |    3.674791ms |             ::1 | GET      "/api/v1/alerts?limit=20&keyword=K8s%20Warning"
[GIN] 2025/09/24 - 14:17:01 | 200 |    3.728542ms |             ::1 | GET      "/api/v1/alerts?limit=20&keyword=K8s%20Warning"

2025/09/24 14:17:22 [32m/Users/ny/Documents/robusta-web/backend/internal/services/alert_service.go:81
[0m[33m[2.713ms] [34;1m[rows:1][0m SELECT count(*) FROM "alerts" WHERE created_at >= '2025-09-23 06:16:22.293' AND "alerts"."deleted_at" IS NULL

2025/09/24 14:17:22 [32m/Users/ny/Documents/robusta-web/backend/internal/services/alert_service.go:87
[0m[33m[0.457ms] [34;1m[rows:2][0m SELECT * FROM "clusters" WHERE "clusters"."cluster_id" IN ('kind','robusta-kind') AND "clusters"."deleted_at" IS NULL

2025/09/24 14:17:22 [32m/Users/ny/Documents/robusta-web/backend/internal/services/alert_service.go:87
[0m[33m[1.600ms] [34;1m[rows:5][0m SELECT * FROM "alerts" WHERE created_at >= '2025-09-23 06:16:22.293' AND "alerts"."deleted_at" IS NULL ORDER BY created_at DESC LIMIT 1000
{"client_ip":"1.1.1.1","latency_ms":5,"method":"GET","path":"/api/v1/alerts","query":"page=1\u0026limit=1000\u0026since=2025-09-23T06%3A16%3A22.293Z","request_id":"dfb25976-fdd8-4e5d-b5b3-9f1e208a4bc7","status_code":200,"timestamp":"2025-09-24T14:17:22+08:00","user_agent":"Mozilla/5.0 (Macintosh; Intel Mac OS X 10_15_7) AppleWebKit/537.36 (KHTML, like Gecko) Chrome/140.0.0.0 Safari/537.36","user_id":""}
[GIN] 2025/09/24 - 14:17:22 | 200 |    5.665125ms |         1.1.1.1 | GET      "/api/v1/alerts?page=1&limit=1000&since=2025-09-23T06%3A16%3A22.293Z"
[GIN] 2025/09/24 - 14:17:22 | 200 |    5.724584ms |         1.1.1.1 | GET      "/api/v1/alerts?page=1&limit=1000&since=2025-09-23T06%3A16%3A22.293Z"

2025/09/24 14:17:33 [32m/Users/ny/Documents/robusta-web/backend/internal/services/cluster_service.go:190
[0m[33m[2.533ms] [34;1m[rows:1][0m SELECT count(*) FROM "clusters" WHERE "clusters"."deleted_at" IS NULL

2025/09/24 14:17:33 [32m/Users/ny/Documents/robusta-web/backend/internal/services/alert_service.go:81
[0m[33m[2.739ms] [34;1m[rows:1][0m SELECT count(*) FROM "alerts" WHERE created_at >= '2025-09-23 06:17:33.559' AND "alerts"."deleted_at" IS NULL

2025/09/24 14:17:33 [32m/Users/ny/Documents/robusta-web/backend/internal/services/cluster_service.go:196
[0m[33m[0.944ms] [34;1m[rows:2][0m SELECT * FROM "clusters" WHERE "clusters"."deleted_at" IS NULL ORDER BY name LIMIT 100
{"client_ip":"1.1.1.1","latency_ms":3,"method":"GET","path":"/api/v1/clusters","query":"page=1\u0026limit=100","request_id":"8717a494-8fa1-4ac1-9fd2-182e74c8ce7b","status_code":200,"timestamp":"2025-09-24T14:17:33+08:00","user_agent":"Mozilla/5.0 (Macintosh; Intel Mac OS X 10_15_7) AppleWebKit/537.36 (KHTML, like Gecko) Chrome/140.0.0.0 Safari/537.36","user_id":""}
[GIN] 2025/09/24 - 14:17:33 | 200 |    3.809292ms |         1.1.1.1 | GET      "/api/v1/clusters?page=1&limit=100"
[GIN] 2025/09/24 - 14:17:33 | 200 |    3.821417ms |         1.1.1.1 | GET      "/api/v1/clusters?page=1&limit=100"

2025/09/24 14:17:33 [32m/Users/ny/Documents/robusta-web/backend/internal/services/alert_service.go:87
[0m[33m[0.540ms] [34;1m[rows:2][0m SELECT * FROM "clusters" WHERE "clusters"."cluster_id" IN ('kind','robusta-kind') AND "clusters"."deleted_at" IS NULL

2025/09/24 14:17:33 [32m/Users/ny/Documents/robusta-web/backend/internal/services/alert_service.go:87
[0m[33m[2.555ms] [34;1m[rows:5][0m SELECT * FROM "alerts" WHERE created_at >= '2025-09-23 06:17:33.559' AND "alerts"."deleted_at" IS NULL ORDER BY created_at DESC LIMIT 1000
{"client_ip":"1.1.1.1","latency_ms":5,"method":"GET","path":"/api/v1/alerts","query":"page=1\u0026limit=1000\u0026since=2025-09-23T06%3A17%3A33.559Z","request_id":"e97bcc69-f153-4dd0-94ac-46745d58a0cc","status_code":200,"timestamp":"2025-09-24T14:17:33+08:00","user_agent":"Mozilla/5.0 (Macintosh; Intel Mac OS X 10_15_7) AppleWebKit/537.36 (KHTML, like Gecko) Chrome/140.0.0.0 Safari/537.36","user_id":""}
[GIN] 2025/09/24 - 14:17:33 | 200 |    5.592458ms |         1.1.1.1 | GET      "/api/v1/alerts?page=1&limit=1000&since=2025-09-23T06%3A17%3A33.559Z"
[GIN] 2025/09/24 - 14:17:33 | 200 |      5.6565ms |         1.1.1.1 | GET      "/api/v1/alerts?page=1&limit=1000&since=2025-09-23T06%3A17%3A33.559Z"
[GIN] 2025/09/24 - 14:17:43 | 401 |      35.583µs |    10.244.3.154 | POST     "/api/v1/ingest/robusta-webhook"
[GIN] 2025/09/24 - 14:17:43 | 401 |    2.198209ms |    10.244.3.154 | POST     "/api/v1/ingest/robusta-webhook"

2025/09/24 14:18:00 [32m/Users/ny/Documents/robusta-web/backend/internal/services/alert_service.go:81
[0m[33m[5.711ms] [34;1m[rows:1][0m SELECT count(*) FROM "alerts" WHERE (title ILIKE '%K8s Warning%' OR description ILIKE '%K8s Warning%') AND "alerts"."deleted_at" IS NULL

2025/09/24 14:18:00 [32m/Users/ny/Documents/robusta-web/backend/internal/services/alert_service.go:87
[0m[33m[0.845ms] [34;1m[rows:0][0m SELECT * FROM "alerts" WHERE (title ILIKE '%K8s Warning%' OR description ILIKE '%K8s Warning%') AND "alerts"."deleted_at" IS NULL ORDER BY created_at DESC LIMIT 20
{"client_ip":"::1","latency_ms":6,"method":"GET","path":"/api/v1/alerts","query":"limit=20\u0026keyword=K8s%20Warning","request_id":"39aaf0b8-6553-4a42-9955-3c807b438cd7","status_code":200,"timestamp":"2025-09-24T14:18:00+08:00","user_agent":"curl/8.7.1","user_id":""}
[GIN] 2025/09/24 - 14:18:00 | 200 |    6.928167ms |             ::1 | GET      "/api/v1/alerts?limit=20&keyword=K8s%20Warning"
[GIN] 2025/09/24 - 14:18:00 | 200 |    6.988417ms |             ::1 | GET      "/api/v1/alerts?limit=20&keyword=K8s%20Warning"

2025/09/24 14:18:03 [32m/Users/ny/Documents/robusta-web/backend/internal/services/alert_service.go:81
[0m[33m[4.974ms] [34;1m[rows:1][0m SELECT count(*) FROM "alerts" WHERE created_at >= '2025-09-23 06:17:33.559' AND "alerts"."deleted_at" IS NULL

2025/09/24 14:18:03 [32m/Users/ny/Documents/robusta-web/backend/internal/services/alert_service.go:87
[0m[33m[1.321ms] [34;1m[rows:2][0m SELECT * FROM "clusters" WHERE "clusters"."cluster_id" IN ('kind','robusta-kind') AND "clusters"."deleted_at" IS NULL

2025/09/24 14:18:03 [32m/Users/ny/Documents/robusta-web/backend/internal/services/alert_service.go:87
[0m[33m[2.635ms] [34;1m[rows:5][0m SELECT * FROM "alerts" WHERE created_at >= '2025-09-23 06:17:33.559' AND "alerts"."deleted_at" IS NULL ORDER BY created_at DESC LIMIT 1000
{"client_ip":"1.1.1.1","latency_ms":7,"method":"GET","path":"/api/v1/alerts","query":"page=1\u0026limit=1000\u0026since=2025-09-23T06%3A17%3A33.559Z","request_id":"e38c59f4-f441-437e-b978-65905f760e12","status_code":200,"timestamp":"2025-09-24T14:18:03+08:00","user_agent":"Mozilla/5.0 (Macintosh; Intel Mac OS X 10_15_7) AppleWebKit/537.36 (KHTML, like Gecko) Chrome/140.0.0.0 Safari/537.36","user_id":""}
[GIN] 2025/09/24 - 14:18:03 | 200 |    7.980875ms |         1.1.1.1 | GET      "/api/v1/alerts?page=1&limit=1000&since=2025-09-23T06%3A17%3A33.559Z"
[GIN] 2025/09/24 - 14:18:03 | 200 |    8.123541ms |         1.1.1.1 | GET      "/api/v1/alerts?page=1&limit=1000&since=2025-09-23T06%3A17%3A33.559Z"

2025/09/24 14:18:05 [32m/Users/ny/Documents/robusta-web/backend/internal/services/alert_service.go:97
[0m[33m[3.391ms] [34;1m[rows:1][0m SELECT * FROM "clusters" WHERE "clusters"."cluster_id" = 'kind' AND "clusters"."deleted_at" IS NULL

2025/09/24 14:18:05 [32m/Users/ny/Documents/robusta-web/backend/internal/services/rca_service.go:36
[0m[33m[22.205ms] [34;1m[rows:0][0m SELECT * FROM "rca_runs" WHERE alert_id = 'c193a538-9c05-4321-a039-8dc4be75c440' AND "rca_runs"."deleted_at" IS NULL ORDER BY created_at DESC
{"client_ip":"1.1.1.1","latency_ms":22,"method":"GET","path":"/api/v1/rca/c193a538-9c05-4321-a039-8dc4be75c440","query":"","request_id":"b66cee53-51a1-485a-a70b-ec98859e19c4","status_code":200,"timestamp":"2025-09-24T14:18:05+08:00","user_agent":"Mozilla/5.0 (Macintosh; Intel Mac OS X 10_15_7) AppleWebKit/537.36 (KHTML, like Gecko) Chrome/140.0.0.0 Safari/537.36","user_id":""}
[GIN] 2025/09/24 - 14:18:05 | 200 |    22.43875ms |         1.1.1.1 | GET      "/api/v1/rca/c193a538-9c05-4321-a039-8dc4be75c440"
[GIN] 2025/09/24 - 14:18:05 | 200 |      22.468ms |         1.1.1.1 | GET      "/api/v1/rca/c193a538-9c05-4321-a039-8dc4be75c440"

2025/09/24 14:18:05 [32m/Users/ny/Documents/robusta-web/backend/internal/services/alert_service.go:97
[0m[33m[4.837ms] [34;1m[rows:0][0m SELECT * FROM "rca_runs" WHERE "rca_runs"."alert_id" = 'c193a538-9c05-4321-a039-8dc4be75c440' AND "rca_runs"."deleted_at" IS NULL

2025/09/24 14:18:05 [32m/Users/ny/Documents/robusta-web/backend/internal/services/alert_service.go:97
[0m[33m[27.784ms] [34;1m[rows:1][0m SELECT * FROM "alerts" WHERE id = 'c193a538-9c05-4321-a039-8dc4be75c440' AND "alerts"."deleted_at" IS NULL ORDER BY "alerts"."id" LIMIT 1
{"client_ip":"1.1.1.1","latency_ms":27,"method":"GET","path":"/api/v1/alerts/c193a538-9c05-4321-a039-8dc4be75c440","query":"","request_id":"f7a2ec55-bc2d-4b7a-ac0a-3cafabb6747f","status_code":200,"timestamp":"2025-09-24T14:18:05+08:00","user_agent":"Mozilla/5.0 (Macintosh; Intel Mac OS X 10_15_7) AppleWebKit/537.36 (KHTML, like Gecko) Chrome/140.0.0.0 Safari/537.36","user_id":""}
[GIN] 2025/09/24 - 14:18:05 | 200 |   27.894875ms |         1.1.1.1 | GET      "/api/v1/alerts/c193a538-9c05-4321-a039-8dc4be75c440"
[GIN] 2025/09/24 - 14:18:05 | 200 |   27.925209ms |         1.1.1.1 | GET      "/api/v1/alerts/c193a538-9c05-4321-a039-8dc4be75c440"

2025/09/24 14:18:35 [32m/Users/ny/Documents/robusta-web/backend/internal/services/cluster_service.go:58
[0m[33m[2.737ms] [34;1m[rows:1][0m SELECT * FROM "clusters" WHERE cluster_id = 'kind' AND "clusters"."deleted_at" IS NULL ORDER BY "clusters"."id" LIMIT 1

2025/09/24 14:18:35 [32m/Users/ny/Documents/robusta-web/backend/internal/services/cluster_service.go:64
[0m[33m[24.622ms] [34;1m[rows:1][0m UPDATE "clusters" SET "created_at"='2025-09-24 10:42:22.785',"updated_at"='2025-09-24 14:18:35.212',"deleted_at"=NULL,"cluster_id"='kind',"name"='kind',"description"='',"status"='active',"last_heartbeat"='2025-09-24 14:18:35.209' WHERE "clusters"."deleted_at" IS NULL AND "id" = 'bd2b0f8e-1498-4849-a086-1c2baa69c4a0'

2025/09/24 14:18:35 [31;1m/Users/ny/Documents/robusta-web/backend/internal/services/alert_service.go:39 [35;1mrecord not found
[0m[33m[1.075ms] [34;1m[rows:0][0m SELECT * FROM "alerts" WHERE (fingerprint = 'efa3777a52ba9f0265c271eb107ba6eb' AND cluster_id = 'kind') AND "alerts"."deleted_at" IS NULL ORDER BY "alerts"."id" LIMIT 1

2025/09/24 14:18:35 [32m/Users/ny/Documents/robusta-web/backend/internal/services/alert_service.go:48
[0m[33m[4.845ms] [34;1m[rows:1][0m INSERT INTO "alerts" ("created_at","updated_at","deleted_at","fingerprint","cluster_id","title","description","severity","status","labels","annotations","starts_at","ends_at") VALUES ('2025-09-24 14:18:35.238','2025-09-24 14:18:35.238',NULL,'efa3777a52ba9f0265c271eb107ba6eb','kind','K8s Warning: bad-image-demo-7c69995f6f-hvd9w (default)','
K8s Warning: bad-image-demo-7c69995f6f-hvd9w.1868238686e9de7e (default)

Source: kind

<missing>
','high','firing',NULL,NULL,NULL,NULL) RETURNING "id"
[GIN] 2025/09/24 - 14:18:35 | 200 |   34.464583ms |    10.244.3.154 | POST     "/api/v1/ingest/robusta-webhook"
[GIN] 2025/09/24 - 14:18:35 | 200 |   34.537583ms |    10.244.3.154 | POST     "/api/v1/ingest/robusta-webhook"

2025/09/24 14:18:58 [32m/Users/ny/Documents/robusta-web/backend/internal/services/alert_service.go:81
[0m[33m[3.695ms] [34;1m[rows:1][0m SELECT count(*) FROM "alerts" WHERE (title ILIKE '%K8s Warning%' OR description ILIKE '%K8s Warning%') AND "alerts"."deleted_at" IS NULL

2025/09/24 14:18:58 [32m/Users/ny/Documents/robusta-web/backend/internal/services/alert_service.go:87
[0m[33m[0.536ms] [34;1m[rows:1][0m SELECT * FROM "clusters" WHERE "clusters"."cluster_id" = 'kind' AND "clusters"."deleted_at" IS NULL

2025/09/24 14:18:58 [32m/Users/ny/Documents/robusta-web/backend/internal/services/alert_service.go:87
[0m[33m[1.917ms] [34;1m[rows:1][0m SELECT * FROM "alerts" WHERE (title ILIKE '%K8s Warning%' OR description ILIKE '%K8s Warning%') AND "alerts"."deleted_at" IS NULL ORDER BY created_at DESC LIMIT 20
{"client_ip":"::1","latency_ms":6,"method":"GET","path":"/api/v1/alerts","query":"limit=20\u0026keyword=K8s%20Warning","request_id":"d30271c4-f30e-45f2-92ec-9af4e9785e7e","status_code":200,"timestamp":"2025-09-24T14:18:58+08:00","user_agent":"curl/8.7.1","user_id":""}
[GIN] 2025/09/24 - 14:18:58 | 200 |    6.030333ms |             ::1 | GET      "/api/v1/alerts?limit=20&keyword=K8s%20Warning"
[GIN] 2025/09/24 - 14:18:58 | 200 |    6.085291ms |             ::1 | GET      "/api/v1/alerts?limit=20&keyword=K8s%20Warning"

2025/09/24 14:20:54 [32m/Users/ny/Documents/robusta-web/backend/internal/services/cluster_service.go:58
[0m[33m[4.839ms] [34;1m[rows:1][0m SELECT * FROM "clusters" WHERE cluster_id = 'kind' AND "clusters"."deleted_at" IS NULL ORDER BY "clusters"."id" LIMIT 1

2025/09/24 14:20:54 [32m/Users/ny/Documents/robusta-web/backend/internal/services/cluster_service.go:64
[0m[33m[4.150ms] [34;1m[rows:1][0m UPDATE "clusters" SET "created_at"='2025-09-24 10:42:22.785',"updated_at"='2025-09-24 14:20:54.127',"deleted_at"=NULL,"cluster_id"='kind',"name"='kind',"description"='',"status"='active',"last_heartbeat"='2025-09-24 14:20:54.12' WHERE "clusters"."deleted_at" IS NULL AND "id" = 'bd2b0f8e-1498-4849-a086-1c2baa69c4a0'

2025/09/24 14:20:54 [32m/Users/ny/Documents/robusta-web/backend/internal/services/alert_service.go:39
[0m[33m[0.494ms] [34;1m[rows:1][0m SELECT * FROM "alerts" WHERE (fingerprint = 'dd0b04da0d97c8d69e7d698aea0c7e19' AND cluster_id = 'kind') AND "alerts"."deleted_at" IS NULL ORDER BY "alerts"."id" LIMIT 1

2025/09/24 14:20:54 [32m/Users/ny/Documents/robusta-web/backend/internal/services/alert_service.go:45
[0m[33m[2.883ms] [34;1m[rows:1][0m UPDATE "alerts" SET "created_at"='2025-09-24 11:29:25.497',"updated_at"='2025-09-24 14:20:54.131',"deleted_at"=NULL,"fingerprint"='dd0b04da0d97c8d69e7d698aea0c7e19',"cluster_id"='kind',"title"='Robusta Webhook',"description"='
ImagePullBackOff: bad-image-demo-7c69995f6f-hvd9w (default)

Source: kind
',"severity"='medium',"status"='firing',"labels"=NULL,"annotations"=NULL,"starts_at"=NULL,"ends_at"=NULL WHERE "alerts"."deleted_at" IS NULL AND "id" = '0bf71779-e3a3-482d-b6e1-ad2fbdc924e8'
[GIN] 2025/09/24 - 14:20:54 | 200 |   14.625375ms |    10.244.3.154 | POST     "/api/v1/ingest/robusta-webhook"
[GIN] 2025/09/24 - 14:20:54 | 200 |   14.854458ms |    10.244.3.154 | POST     "/api/v1/ingest/robusta-webhook"

2025/09/24 14:21:13 [32m/Users/ny/Documents/robusta-web/backend/internal/services/cluster_service.go:58
[0m[33m[3.605ms] [34;1m[rows:1][0m SELECT * FROM "clusters" WHERE cluster_id = 'kind' AND "clusters"."deleted_at" IS NULL ORDER BY "clusters"."id" LIMIT 1

2025/09/24 14:21:13 [32m/Users/ny/Documents/robusta-web/backend/internal/services/cluster_service.go:64
[0m[33m[9.952ms] [34;1m[rows:1][0m UPDATE "clusters" SET "created_at"='2025-09-24 10:42:22.785',"updated_at"='2025-09-24 14:21:13.739',"deleted_at"=NULL,"cluster_id"='kind',"name"='kind',"description"='',"status"='active',"last_heartbeat"='2025-09-24 14:21:13.732' WHERE "clusters"."deleted_at" IS NULL AND "id" = 'bd2b0f8e-1498-4849-a086-1c2baa69c4a0'

2025/09/24 14:21:13 [31;1m/Users/ny/Documents/robusta-web/backend/internal/services/alert_service.go:39 [35;1mrecord not found
[0m[33m[0.588ms] [34;1m[rows:0][0m SELECT * FROM "alerts" WHERE (fingerprint = '2aa3986c9f184246766b3fa2d8a0590f' AND cluster_id = 'kind') AND "alerts"."deleted_at" IS NULL ORDER BY "alerts"."id" LIMIT 1

2025/09/24 14:21:13 [32m/Users/ny/Documents/robusta-web/backend/internal/services/alert_service.go:48
[0m[33m[2.163ms] [34;1m[rows:1][0m INSERT INTO "alerts" ("created_at","updated_at","deleted_at","fingerprint","cluster_id","title","description","severity","status","labels","annotations","starts_at","ends_at") VALUES ('2025-09-24 14:21:13.749','2025-09-24 14:21:13.749',NULL,'2aa3986c9f184246766b3fa2d8a0590f','kind','Prometheus Alert: <missing> (<missing>)','
Prometheus Alert: <missing> (<missing>)

View Graph: http://prometheus-standalone-7c774cf459-wpskc:9090/graph?g0.expr=vector%281%29&g0.tab=1

Source: kind
','medium','firing',NULL,NULL,NULL,NULL) RETURNING "id"
[GIN] 2025/09/24 - 14:21:13 | 200 |   19.929417ms |    10.244.3.154 | POST     "/api/v1/ingest/robusta-webhook"
[GIN] 2025/09/24 - 14:21:13 | 200 |      20.125ms |    10.244.3.154 | POST     "/api/v1/ingest/robusta-webhook"

2025/09/24 14:21:13 [32m/Users/ny/Documents/robusta-web/backend/internal/services/cluster_service.go:58
[0m[33m[0.573ms] [34;1m[rows:1][0m SELECT * FROM "clusters" WHERE cluster_id = 'kind' AND "clusters"."deleted_at" IS NULL ORDER BY "clusters"."id" LIMIT 1

2025/09/24 14:21:13 [32m/Users/ny/Documents/robusta-web/backend/internal/services/cluster_service.go:64
[0m[33m[1.457ms] [34;1m[rows:1][0m UPDATE "clusters" SET "created_at"='2025-09-24 10:42:22.785',"updated_at"='2025-09-24 14:21:13.782',"deleted_at"=NULL,"cluster_id"='kind',"name"='kind',"description"='',"status"='active',"last_heartbeat"='2025-09-24 14:21:13.781' WHERE "clusters"."deleted_at" IS NULL AND "id" = 'bd2b0f8e-1498-4849-a086-1c2baa69c4a0'

2025/09/24 14:21:13 [32m/Users/ny/Documents/robusta-web/backend/internal/services/alert_service.go:39
[0m[33m[0.213ms] [34;1m[rows:1][0m SELECT * FROM "alerts" WHERE (fingerprint = '2aa3986c9f184246766b3fa2d8a0590f' AND cluster_id = 'kind') AND "alerts"."deleted_at" IS NULL ORDER BY "alerts"."id" LIMIT 1

2025/09/24 14:21:13 [32m/Users/ny/Documents/robusta-web/backend/internal/services/alert_service.go:45
[0m[33m[1.245ms] [34;1m[rows:1][0m UPDATE "alerts" SET "created_at"='2025-09-24 14:21:13.749',"updated_at"='2025-09-24 14:21:13.784',"deleted_at"=NULL,"fingerprint"='2aa3986c9f184246766b3fa2d8a0590f',"cluster_id"='kind',"title"='Prometheus Alert: <missing> (<missing>)',"description"='
Prometheus Alert: <missing> (<missing>)

Source: kind
',"severity"='medium',"status"='firing',"labels"=NULL,"annotations"=NULL,"starts_at"=NULL,"ends_at"=NULL WHERE "alerts"."deleted_at" IS NULL AND "id" = '650ce581-5725-4176-8153-2f16f924a51e'
[GIN] 2025/09/24 - 14:21:13 | 200 |    3.792041ms |    10.244.3.154 | POST     "/api/v1/ingest/robusta-webhook"
[GIN] 2025/09/24 - 14:21:13 | 200 |    3.848959ms |    10.244.3.154 | POST     "/api/v1/ingest/robusta-webhook"

2025/09/24 14:21:17 [32m/Users/ny/Documents/robusta-web/backend/internal/services/alert_service.go:81
[0m[33m[1.541ms] [34;1m[rows:1][0m SELECT count(*) FROM "alerts" WHERE (title ILIKE '%Prometheus Alert%' OR description ILIKE '%Prometheus Alert%') AND "alerts"."deleted_at" IS NULL

2025/09/24 14:21:17 [32m/Users/ny/Documents/robusta-web/backend/internal/services/alert_service.go:87
[0m[33m[0.388ms] [34;1m[rows:1][0m SELECT * FROM "clusters" WHERE "clusters"."cluster_id" = 'kind' AND "clusters"."deleted_at" IS NULL

2025/09/24 14:21:17 [32m/Users/ny/Documents/robusta-web/backend/internal/services/alert_service.go:87
[0m[33m[1.208ms] [34;1m[rows:2][0m SELECT * FROM "alerts" WHERE (title ILIKE '%Prometheus Alert%' OR description ILIKE '%Prometheus Alert%') AND "alerts"."deleted_at" IS NULL ORDER BY created_at DESC LIMIT 10
{"client_ip":"::1","latency_ms":2,"method":"GET","path":"/api/v1/alerts","query":"limit=10\u0026keyword=Prometheus%20Alert","request_id":"dc7f7444-7a72-44df-9226-3ad98426ab71","status_code":200,"timestamp":"2025-09-24T14:21:17+08:00","user_agent":"curl/8.7.1","user_id":""}
[GIN] 2025/09/24 - 14:21:17 | 200 |    2.913209ms |             ::1 | GET      "/api/v1/alerts?limit=10&keyword=Prometheus%20Alert"
[GIN] 2025/09/24 - 14:21:17 | 200 |    2.955292ms |             ::1 | GET      "/api/v1/alerts?limit=10&keyword=Prometheus%20Alert"

2025/09/24 14:22:24 [32m/Users/ny/Documents/robusta-web/backend/internal/services/cluster_service.go:58
[0m[33m[1.519ms] [34;1m[rows:1][0m SELECT * FROM "clusters" WHERE cluster_id = 'kind' AND "clusters"."deleted_at" IS NULL ORDER BY "clusters"."id" LIMIT 1

2025/09/24 14:22:24 [32m/Users/ny/Documents/robusta-web/backend/internal/services/cluster_service.go:64
[0m[33m[3.440ms] [34;1m[rows:1][0m UPDATE "clusters" SET "created_at"='2025-09-24 10:42:22.785',"updated_at"='2025-09-24 14:22:24.065',"deleted_at"=NULL,"cluster_id"='kind',"name"='kind',"description"='',"status"='active',"last_heartbeat"='2025-09-24 14:22:24.063' WHERE "clusters"."deleted_at" IS NULL AND "id" = 'bd2b0f8e-1498-4849-a086-1c2baa69c4a0'

2025/09/24 14:22:24 [32m/Users/ny/Documents/robusta-web/backend/internal/services/alert_service.go:39
[0m[33m[0.367ms] [34;1m[rows:1][0m SELECT * FROM "alerts" WHERE (fingerprint = 'dd0b04da0d97c8d69e7d698aea0c7e19' AND cluster_id = 'kind') AND "alerts"."deleted_at" IS NULL ORDER BY "alerts"."id" LIMIT 1

2025/09/24 14:22:24 [32m/Users/ny/Documents/robusta-web/backend/internal/services/alert_service.go:45
[0m[33m[2.157ms] [34;1m[rows:1][0m UPDATE "alerts" SET "created_at"='2025-09-24 11:29:25.497',"updated_at"='2025-09-24 14:22:24.069',"deleted_at"=NULL,"fingerprint"='dd0b04da0d97c8d69e7d698aea0c7e19',"cluster_id"='kind',"title"='Robusta Webhook',"description"='
ImagePullBackOff: bad-image-demo-7c69995f6f-hvd9w (default)

Source: kind
',"severity"='medium',"status"='firing',"labels"=NULL,"annotations"=NULL,"starts_at"=NULL,"ends_at"=NULL WHERE "alerts"."deleted_at" IS NULL AND "id" = '0bf71779-e3a3-482d-b6e1-ad2fbdc924e8'
[GIN] 2025/09/24 - 14:22:24 | 200 |    8.572333ms |    10.244.3.154 | POST     "/api/v1/ingest/robusta-webhook"
[GIN] 2025/09/24 - 14:22:24 | 200 |    8.600833ms |    10.244.3.154 | POST     "/api/v1/ingest/robusta-webhook"

2025/09/24 14:23:16 [32m/Users/ny/Documents/robusta-web/backend/internal/services/cluster_service.go:58
[0m[33m[2.094ms] [34;1m[rows:1][0m SELECT * FROM "clusters" WHERE cluster_id = 'kind' AND "clusters"."deleted_at" IS NULL ORDER BY "clusters"."id" LIMIT 1

2025/09/24 14:23:16 [32m/Users/ny/Documents/robusta-web/backend/internal/services/cluster_service.go:64
[0m[33m[4.428ms] [34;1m[rows:1][0m UPDATE "clusters" SET "created_at"='2025-09-24 10:42:22.785',"updated_at"='2025-09-24 14:23:16.676',"deleted_at"=NULL,"cluster_id"='kind',"name"='kind',"description"='',"status"='active',"last_heartbeat"='2025-09-24 14:23:16.673' WHERE "clusters"."deleted_at" IS NULL AND "id" = 'bd2b0f8e-1498-4849-a086-1c2baa69c4a0'

2025/09/24 14:23:16 [32m/Users/ny/Documents/robusta-web/backend/internal/services/alert_service.go:39
[0m[33m[0.434ms] [34;1m[rows:1][0m SELECT * FROM "alerts" WHERE (fingerprint = 'dd0b04da0d97c8d69e7d698aea0c7e19' AND cluster_id = 'kind') AND "alerts"."deleted_at" IS NULL ORDER BY "alerts"."id" LIMIT 1

2025/09/24 14:23:16 [32m/Users/ny/Documents/robusta-web/backend/internal/services/alert_service.go:45
[0m[33m[2.708ms] [34;1m[rows:1][0m UPDATE "alerts" SET "created_at"='2025-09-24 11:29:25.497',"updated_at"='2025-09-24 14:23:16.681',"deleted_at"=NULL,"fingerprint"='dd0b04da0d97c8d69e7d698aea0c7e19',"cluster_id"='kind',"title"='Robusta Webhook',"description"='
ImagePullBackOff: bad-image-demo-7c69995f6f-hvd9w (default)

Source: kind
',"severity"='medium',"status"='firing',"labels"=NULL,"annotations"=NULL,"starts_at"=NULL,"ends_at"=NULL WHERE "alerts"."deleted_at" IS NULL AND "id" = '0bf71779-e3a3-482d-b6e1-ad2fbdc924e8'
[GIN] 2025/09/24 - 14:23:16 | 200 |   10.752042ms |    10.244.3.154 | POST     "/api/v1/ingest/robusta-webhook"
[GIN] 2025/09/24 - 14:23:16 | 200 |    10.81725ms |    10.244.3.154 | POST     "/api/v1/ingest/robusta-webhook"

2025/09/24 14:23:25 [32m/Users/ny/Documents/robusta-web/backend/internal/services/cluster_service.go:58
[0m[33m[2.341ms] [34;1m[rows:1][0m SELECT * FROM "clusters" WHERE cluster_id = 'kind' AND "clusters"."deleted_at" IS NULL ORDER BY "clusters"."id" LIMIT 1

2025/09/24 14:23:25 [32m/Users/ny/Documents/robusta-web/backend/internal/services/cluster_service.go:64
[0m[33m[3.506ms] [34;1m[rows:1][0m UPDATE "clusters" SET "created_at"='2025-09-24 10:42:22.785',"updated_at"='2025-09-24 14:23:25.127',"deleted_at"=NULL,"cluster_id"='kind',"name"='kind',"description"='',"status"='active',"last_heartbeat"='2025-09-24 14:23:25.124' WHERE "clusters"."deleted_at" IS NULL AND "id" = 'bd2b0f8e-1498-4849-a086-1c2baa69c4a0'

2025/09/24 14:23:25 [31;1m/Users/ny/Documents/robusta-web/backend/internal/services/alert_service.go:39 [35;1mrecord not found
[0m[33m[0.424ms] [34;1m[rows:0][0m SELECT * FROM "alerts" WHERE (fingerprint = '90d91332c62d6b96fc3b7aad967d322c' AND cluster_id = 'kind') AND "alerts"."deleted_at" IS NULL ORDER BY "alerts"."id" LIMIT 1

2025/09/24 14:23:25 [32m/Users/ny/Documents/robusta-web/backend/internal/services/alert_service.go:48
[0m[33m[3.336ms] [34;1m[rows:1][0m INSERT INTO "alerts" ("created_at","updated_at","deleted_at","fingerprint","cluster_id","title","description","severity","status","labels","annotations","starts_at","ends_at") VALUES ('2025-09-24 14:23:25.131','2025-09-24 14:23:25.131',NULL,'90d91332c62d6b96fc3b7aad967d322c','kind','K8s Warning: bad-image-demo-7c69995f6f-c8frf (default)','
K8s Warning: bad-image-demo-7c69995f6f-c8frf.186823ca0725f20b (default)

Source: kind

<missing>
','high','firing',NULL,NULL,NULL,NULL) RETURNING "id"
[GIN] 2025/09/24 - 14:23:25 | 200 |   10.460833ms |    10.244.3.154 | POST     "/api/v1/ingest/robusta-webhook"
[GIN] 2025/09/24 - 14:23:25 | 200 |      10.615ms |    10.244.3.154 | POST     "/api/v1/ingest/robusta-webhook"
signal: killed
